depth,profile_filename,flag_quality,posixct_date_utc,latitude_dec_degrees,longitude_dec_degrees,sun_zenith_angle_degrees,hole_type,wavelength,edz,euz,luz,pred_ked,a0,pred_edz_from_klu
0,GE2016.ICMP_ICEP_160615_CAST_005,TRUE,2016-06-15T15:17:31Z,67.481,-63.789,44.98092,NA,443,NA,NA,NA,0.0791098843311679,7.792862203515311,7.792862203515311
0.01,GE2016.ICMP_ICEP_160615_CAST_005,TRUE,2016-06-15T15:17:31Z,67.481,-63.789,44.98092,NA,443,NA,NA,NA,0.0791098843311679,7.792862203515311,7.786699717129341
0.02,GE2016.ICMP_ICEP_160615_CAST_005,TRUE,2016-06-15T15:17:31Z,67.481,-63.789,44.98092,NA,443,NA,NA,NA,0.0791098843311679,7.792862203515311,7.780542103951375
0.03,GE2016.ICMP_ICEP_160615_CAST_005,TRUE,2016-06-15T15:17:31Z,67.481,-63.789,44.98092,NA,443,NA,NA,NA,0.0791098843311679,7.792862203515311,7.7743893601277465
0.04,GE2016.ICMP_ICEP_160615_CAST_005,TRUE,2016-06-15T15:17:31Z,67.481,-63.789,44.98092,NA,443,NA,NA,NA,0.0791098843311679,7.792862203515311,7.76824148180784
0.05,GE2016.ICMP_ICEP_160615_CAST_005,TRUE,2016-06-15T15:17:31Z,67.481,-63.789,44.98092,NA,443,NA,NA,NA,0.0791098843311679,7.792862203515311,7.762098465144082
0.06,GE2016.ICMP_ICEP_160615_CAST_005,TRUE,2016-06-15T15:17:31Z,67.481,-63.789,44.98092,NA,443,NA,NA,NA,0.0791098843311679,7.792862203515311,7.755960306291944
0.07,GE2016.ICMP_ICEP_160615_CAST_005,TRUE,2016-06-15T15:17:31Z,67.481,-63.789,44.98092,NA,443,NA,NA,NA,0.0791098843311679,7.792862203515311,7.749827001409934
0.08,GE2016.ICMP_ICEP_160615_CAST_005,TRUE,2016-06-15T15:17:31Z,67.481,-63.789,44.98092,NA,443,NA,NA,NA,0.0791098843311679,7.792862203515311,7.743698546659604
0.09,GE2016.ICMP_ICEP_160615_CAST_005,TRUE,2016-06-15T15:17:31Z,67.481,-63.789,44.98092,NA,443,NA,NA,NA,0.0791098843311679,7.792862203515311,7.737574938205534
0.1,GE2016.ICMP_ICEP_160615_CAST_005,TRUE,2016-06-15T15:17:31Z,67.481,-63.789,44.98092,NA,443,NA,NA,NA,0.0791098843311679,7.792862203515311,7.731456172215344
0.11,GE2016.ICMP_ICEP_160615_CAST_005,TRUE,2016-06-15T15:17:31Z,67.481,-63.789,44.98092,NA,443,NA,NA,NA,0.0791098843311679,7.792862203515311,7.72534224485968
0.12,GE2016.ICMP_ICEP_160615_CAST_005,TRUE,2016-06-15T15:17:31Z,67.481,-63.789,44.98092,NA,443,NA,NA,NA,0.0791098843311679,7.792862203515311,7.719233152312217
0.13,GE2016.ICMP_ICEP_160615_CAST_005,TRUE,2016-06-15T15:17:31Z,67.481,-63.789,44.98092,NA,443,NA,NA,NA,0.0791098843311679,7.792862203515311,7.7131288907496565
0.14,GE2016.ICMP_ICEP_160615_CAST_005,TRUE,2016-06-15T15:17:31Z,67.481,-63.789,44.98092,NA,443,NA,NA,NA,0.0791098843311679,7.792862203515311,7.707029456351723
0.15,GE2016.ICMP_ICEP_160615_CAST_005,TRUE,2016-06-15T15:17:31Z,67.481,-63.789,44.98092,NA,443,NA,NA,NA,0.0791098843311679,7.792862203515311,7.7009348453011635
0.16,GE2016.ICMP_ICEP_160615_CAST_005,TRUE,2016-06-15T15:17:31Z,67.481,-63.789,44.98092,NA,443,NA,NA,NA,0.0791098843311679,7.792862203515311,7.694845053783741
0.17,GE2016.ICMP_ICEP_160615_CAST_005,TRUE,2016-06-15T15:17:31Z,67.481,-63.789,44.98092,NA,443,NA,NA,NA,0.0791098843311679,7.792862203515311,7.6887600779882375
0.18,GE2016.ICMP_ICEP_160615_CAST_005,TRUE,2016-06-15T15:17:31Z,67.481,-63.789,44.98092,NA,443,NA,NA,NA,0.0791098843311679,7.792862203515311,7.682679914106446
0.19,GE2016.ICMP_ICEP_160615_CAST_005,TRUE,2016-06-15T15:17:31Z,67.481,-63.789,44.98092,NA,443,NA,NA,NA,0.0791098843311679,7.792862203515311,7.676604558333174
0.2,GE2016.ICMP_ICEP_160615_CAST_005,TRUE,2016-06-15T15:17:31Z,67.481,-63.789,44.98092,NA,443,NA,NA,NA,0.0791098843311679,7.792862203515311,7.6705340068662355
0.21,GE2016.ICMP_ICEP_160615_CAST_005,TRUE,2016-06-15T15:17:31Z,67.481,-63.789,44.98092,NA,443,NA,NA,NA,0.0791098843311679,7.792862203515311,7.664468255906453
0.22,GE2016.ICMP_ICEP_160615_CAST_005,TRUE,2016-06-15T15:17:31Z,67.481,-63.789,44.98092,NA,443,NA,NA,NA,0.0791098843311679,7.792862203515311,7.658407301657652
0.23,GE2016.ICMP_ICEP_160615_CAST_005,TRUE,2016-06-15T15:17:31Z,67.481,-63.789,44.98092,NA,443,NA,NA,NA,0.0791098843311679,7.792862203515311,7.65235114032666
0.24,GE2016.ICMP_ICEP_160615_CAST_005,TRUE,2016-06-15T15:17:31Z,67.481,-63.789,44.98092,NA,443,NA,NA,NA,0.0791098843311679,7.792862203515311,7.646299768123306
0.25,GE2016.ICMP_ICEP_160615_CAST_005,TRUE,2016-06-15T15:17:31Z,67.481,-63.789,44.98092,NA,443,NA,NA,NA,0.0791098843311679,7.792862203515311,7.640253181260415
0.26,GE2016.ICMP_ICEP_160615_CAST_005,TRUE,2016-06-15T15:17:31Z,67.481,-63.789,44.98092,NA,443,NA,NA,NA,0.0791098843311679,7.792862203515311,7.634211375953805
0.27,GE2016.ICMP_ICEP_160615_CAST_005,TRUE,2016-06-15T15:17:31Z,67.481,-63.789,44.98092,NA,443,NA,NA,NA,0.0791098843311679,7.792862203515311,7.628174348422289
0.28,GE2016.ICMP_ICEP_160615_CAST_005,TRUE,2016-06-15T15:17:31Z,67.481,-63.789,44.98092,NA,443,NA,NA,NA,0.0791098843311679,7.792862203515311,7.6221420948876695
0.29,GE2016.ICMP_ICEP_160615_CAST_005,TRUE,2016-06-15T15:17:31Z,67.481,-63.789,44.98092,NA,443,NA,NA,NA,0.0791098843311679,7.792862203515311,7.616114611574738
0.3,GE2016.ICMP_ICEP_160615_CAST_005,TRUE,2016-06-15T15:17:31Z,67.481,-63.789,44.98092,NA,443,NA,NA,NA,0.0791098843311679,7.792862203515311,7.6100918947112675
0.31,GE2016.ICMP_ICEP_160615_CAST_005,TRUE,2016-06-15T15:17:31Z,67.481,-63.789,44.98092,NA,443,NA,NA,NA,0.0791098843311679,7.792862203515311,7.604073940528017
0.32,GE2016.ICMP_ICEP_160615_CAST_005,TRUE,2016-06-15T15:17:31Z,67.481,-63.789,44.98092,NA,443,NA,NA,NA,0.0791098843311679,7.792862203515311,7.598060745258727
0.33,GE2016.ICMP_ICEP_160615_CAST_005,TRUE,2016-06-15T15:17:31Z,67.481,-63.789,44.98092,NA,443,NA,NA,NA,0.0791098843311679,7.792862203515311,7.592052305140114
0.34,GE2016.ICMP_ICEP_160615_CAST_005,TRUE,2016-06-15T15:17:31Z,67.481,-63.789,44.98092,NA,443,NA,NA,NA,0.0791098843311679,7.792862203515311,7.586048616411871
0.35,GE2016.ICMP_ICEP_160615_CAST_005,TRUE,2016-06-15T15:17:31Z,67.481,-63.789,44.98092,NA,443,NA,NA,NA,0.0791098843311679,7.792862203515311,7.5800496753166655
0.36,GE2016.ICMP_ICEP_160615_CAST_005,TRUE,2016-06-15T15:17:31Z,67.481,-63.789,44.98092,NA,443,NA,NA,NA,0.0791098843311679,7.792862203515311,7.574055478100136
0.37,GE2016.ICMP_ICEP_160615_CAST_005,TRUE,2016-06-15T15:17:31Z,67.481,-63.789,44.98092,NA,443,NA,NA,NA,0.0791098843311679,7.792862203515311,7.568066021010889
0.38,GE2016.ICMP_ICEP_160615_CAST_005,TRUE,2016-06-15T15:17:31Z,67.481,-63.789,44.98092,NA,443,NA,NA,NA,0.0791098843311679,7.792862203515311,7.562081300300498
0.39,GE2016.ICMP_ICEP_160615_CAST_005,TRUE,2016-06-15T15:17:31Z,67.481,-63.789,44.98092,NA,443,NA,NA,NA,0.0791098843311679,7.792862203515311,7.556101312223503
0.4,GE2016.ICMP_ICEP_160615_CAST_005,TRUE,2016-06-15T15:17:31Z,67.481,-63.789,44.98092,NA,443,NA,NA,NA,0.0791098843311679,7.792862203515311,7.550126053037401
0.41,GE2016.ICMP_ICEP_160615_CAST_005,TRUE,2016-06-15T15:17:31Z,67.481,-63.789,44.98092,NA,443,NA,NA,NA,0.0791098843311679,7.792862203515311,7.544155519002651
0.42,GE2016.ICMP_ICEP_160615_CAST_005,TRUE,2016-06-15T15:17:31Z,67.481,-63.789,44.98092,NA,443,NA,NA,NA,0.0791098843311679,7.792862203515311,7.5381897063826715
0.43,GE2016.ICMP_ICEP_160615_CAST_005,TRUE,2016-06-15T15:17:31Z,67.481,-63.789,44.98092,NA,443,NA,NA,NA,0.0791098843311679,7.792862203515311,7.532228611443834
0.44,GE2016.ICMP_ICEP_160615_CAST_005,TRUE,2016-06-15T15:17:31Z,67.481,-63.789,44.98092,NA,443,NA,NA,NA,0.0791098843311679,7.792862203515311,7.52627223045546
0.45,GE2016.ICMP_ICEP_160615_CAST_005,TRUE,2016-06-15T15:17:31Z,67.481,-63.789,44.98092,NA,443,NA,NA,NA,0.0791098843311679,7.792862203515311,7.520320559689825
0.46,GE2016.ICMP_ICEP_160615_CAST_005,TRUE,2016-06-15T15:17:31Z,67.481,-63.789,44.98092,NA,443,NA,NA,NA,0.0791098843311679,7.792862203515311,7.5143735954221516
0.47,GE2016.ICMP_ICEP_160615_CAST_005,TRUE,2016-06-15T15:17:31Z,67.481,-63.789,44.98092,NA,443,NA,NA,NA,0.0791098843311679,7.792862203515311,7.508431333930605
0.48,GE2016.ICMP_ICEP_160615_CAST_005,TRUE,2016-06-15T15:17:31Z,67.481,-63.789,44.98092,NA,443,NA,NA,NA,0.0791098843311679,7.792862203515311,7.5024937714962965
0.49,GE2016.ICMP_ICEP_160615_CAST_005,TRUE,2016-06-15T15:17:31Z,67.481,-63.789,44.98092,NA,443,NA,NA,NA,0.0791098843311679,7.792862203515311,7.496560904403277
0.5,GE2016.ICMP_ICEP_160615_CAST_005,TRUE,2016-06-15T15:17:31Z,67.481,-63.789,44.98092,NA,443,NA,NA,NA,0.0791098843311679,7.792862203515311,7.490632728938539
0.51,GE2016.ICMP_ICEP_160615_CAST_005,TRUE,2016-06-15T15:17:31Z,67.481,-63.789,44.98092,NA,443,NA,NA,NA,0.0791098843311679,7.792862203515311,7.484709241392004
0.52,GE2016.ICMP_ICEP_160615_CAST_005,TRUE,2016-06-15T15:17:31Z,67.481,-63.789,44.98092,NA,443,NA,NA,NA,0.0791098843311679,7.792862203515311,7.478790438056534
0.53,GE2016.ICMP_ICEP_160615_CAST_005,TRUE,2016-06-15T15:17:31Z,67.481,-63.789,44.98092,NA,443,NA,NA,NA,0.0791098843311679,7.792862203515311,7.472876315227922
0.54,GE2016.ICMP_ICEP_160615_CAST_005,TRUE,2016-06-15T15:17:31Z,67.481,-63.789,44.98092,NA,443,NA,NA,NA,0.0791098843311679,7.792862203515311,7.466966869204887
0.55,GE2016.ICMP_ICEP_160615_CAST_005,TRUE,2016-06-15T15:17:31Z,67.481,-63.789,44.98092,NA,443,NA,NA,NA,0.0791098843311679,7.792862203515311,7.4610620962890755
0.56,GE2016.ICMP_ICEP_160615_CAST_005,TRUE,2016-06-15T15:17:31Z,67.481,-63.789,44.98092,NA,443,NA,NA,NA,0.0791098843311679,7.792862203515311,7.4551619927850625
0.57,GE2016.ICMP_ICEP_160615_CAST_005,TRUE,2016-06-15T15:17:31Z,67.481,-63.789,44.98092,NA,443,NA,NA,NA,0.0791098843311679,7.792862203515311,7.4492665550003405
0.58,GE2016.ICMP_ICEP_160615_CAST_005,TRUE,2016-06-15T15:17:31Z,67.481,-63.789,44.98092,NA,443,NA,NA,NA,0.0791098843311679,7.792862203515311,7.443375779245325
0.59,GE2016.ICMP_ICEP_160615_CAST_005,TRUE,2016-06-15T15:17:31Z,67.481,-63.789,44.98092,NA,443,NA,NA,NA,0.0791098843311679,7.792862203515311,7.4374896618333475
0.6,GE2016.ICMP_ICEP_160615_CAST_005,TRUE,2016-06-15T15:17:31Z,67.481,-63.789,44.98092,NA,443,NA,NA,NA,0.0791098843311679,7.792862203515311,7.431608199080656
0.61,GE2016.ICMP_ICEP_160615_CAST_005,TRUE,2016-06-15T15:17:31Z,67.481,-63.789,44.98092,NA,443,NA,NA,NA,0.0791098843311679,7.792862203515311,7.425731387306409
0.62,GE2016.ICMP_ICEP_160615_CAST_005,TRUE,2016-06-15T15:17:31Z,67.481,-63.789,44.98092,NA,443,NA,NA,NA,0.0791098843311679,7.792862203515311,7.419859222832681
0.63,GE2016.ICMP_ICEP_160615_CAST_005,TRUE,2016-06-15T15:17:31Z,67.481,-63.789,44.98092,NA,443,NA,NA,NA,0.0791098843311679,7.792862203515311,7.41399170198445
0.64,GE2016.ICMP_ICEP_160615_CAST_005,TRUE,2016-06-15T15:17:31Z,67.481,-63.789,44.98092,NA,443,NA,NA,NA,0.0791098843311679,7.792862203515311,7.408128821089602
0.65,GE2016.ICMP_ICEP_160615_CAST_005,TRUE,2016-06-15T15:17:31Z,67.481,-63.789,44.98092,NA,443,NA,NA,NA,0.0791098843311679,7.792862203515311,7.402270576478928
0.66,GE2016.ICMP_ICEP_160615_CAST_005,TRUE,2016-06-15T15:17:31Z,67.481,-63.789,44.98092,NA,443,NA,NA,NA,0.0791098843311679,7.792862203515311,7.396416964486118
0.67,GE2016.ICMP_ICEP_160615_CAST_005,TRUE,2016-06-15T15:17:31Z,67.481,-63.789,44.98092,NA,443,NA,NA,NA,0.0791098843311679,7.792862203515311,7.390567981447763
0.68,GE2016.ICMP_ICEP_160615_CAST_005,TRUE,2016-06-15T15:17:31Z,67.481,-63.789,44.98092,NA,443,NA,NA,NA,0.0791098843311679,7.792862203515311,7.3847236237033504
0.69,GE2016.ICMP_ICEP_160615_CAST_005,TRUE,2016-06-15T15:17:31Z,67.481,-63.789,44.98092,NA,443,NA,NA,NA,0.0791098843311679,7.792862203515311,7.378883887595263
0.7,GE2016.ICMP_ICEP_160615_CAST_005,TRUE,2016-06-15T15:17:31Z,67.481,-63.789,44.98092,NA,443,NA,NA,NA,0.0791098843311679,7.792862203515311,7.373048769468776
0.71,GE2016.ICMP_ICEP_160615_CAST_005,TRUE,2016-06-15T15:17:31Z,67.481,-63.789,44.98092,NA,443,NA,NA,NA,0.0791098843311679,7.792862203515311,7.367218265672052
0.72,GE2016.ICMP_ICEP_160615_CAST_005,TRUE,2016-06-15T15:17:31Z,67.481,-63.789,44.98092,NA,443,NA,NA,NA,0.0791098843311679,7.792862203515311,7.361392372556145
0.73,GE2016.ICMP_ICEP_160615_CAST_005,TRUE,2016-06-15T15:17:31Z,67.481,-63.789,44.98092,NA,443,NA,NA,NA,0.0791098843311679,7.792862203515311,7.355571086474993
0.74,GE2016.ICMP_ICEP_160615_CAST_005,TRUE,2016-06-15T15:17:31Z,67.481,-63.789,44.98092,NA,443,NA,NA,NA,0.0791098843311679,7.792862203515311,7.3497544037854174
0.75,GE2016.ICMP_ICEP_160615_CAST_005,TRUE,2016-06-15T15:17:31Z,67.481,-63.789,44.98092,NA,443,NA,NA,NA,0.0791098843311679,7.792862203515311,7.3439423208471215
0.76,GE2016.ICMP_ICEP_160615_CAST_005,TRUE,2016-06-15T15:17:31Z,67.481,-63.789,44.98092,NA,443,NA,NA,NA,0.0791098843311679,7.792862203515311,7.338134834022685
0.77,GE2016.ICMP_ICEP_160615_CAST_005,TRUE,2016-06-15T15:17:31Z,67.481,-63.789,44.98092,NA,443,NA,NA,NA,0.0791098843311679,7.792862203515311,7.332331939677565
0.78,GE2016.ICMP_ICEP_160615_CAST_005,TRUE,2016-06-15T15:17:31Z,67.481,-63.789,44.98092,NA,443,NA,NA,NA,0.0791098843311679,7.792862203515311,7.326533634180095
0.79,GE2016.ICMP_ICEP_160615_CAST_005,TRUE,2016-06-15T15:17:31Z,67.481,-63.789,44.98092,NA,443,NA,NA,NA,0.0791098843311679,7.792862203515311,7.320739913901477
0.8,GE2016.ICMP_ICEP_160615_CAST_005,TRUE,2016-06-15T15:17:31Z,67.481,-63.789,44.98092,NA,443,NA,NA,NA,0.0791098843311679,7.792862203515311,7.314950775215784
0.81,GE2016.ICMP_ICEP_160615_CAST_005,TRUE,2016-06-15T15:17:31Z,67.481,-63.789,44.98092,NA,443,NA,NA,NA,0.0791098843311679,7.792862203515311,7.309166214499958
0.82,GE2016.ICMP_ICEP_160615_CAST_005,TRUE,2016-06-15T15:17:31Z,67.481,-63.789,44.98092,NA,443,NA,NA,NA,0.0791098843311679,7.792862203515311,7.303386228133802
0.83,GE2016.ICMP_ICEP_160615_CAST_005,TRUE,2016-06-15T15:17:31Z,67.481,-63.789,44.98092,NA,443,NA,NA,NA,0.0791098843311679,7.792862203515311,7.297610812499988
0.84,GE2016.ICMP_ICEP_160615_CAST_005,TRUE,2016-06-15T15:17:31Z,67.481,-63.789,44.98092,NA,443,NA,NA,NA,0.0791098843311679,7.792862203515311,7.2918399639840406
0.85,GE2016.ICMP_ICEP_160615_CAST_005,TRUE,2016-06-15T15:17:31Z,67.481,-63.789,44.98092,NA,443,NA,NA,NA,0.0791098843311679,7.792862203515311,7.28607367897435
0.86,GE2016.ICMP_ICEP_160615_CAST_005,TRUE,2016-06-15T15:17:31Z,67.481,-63.789,44.98092,NA,443,NA,NA,NA,0.0791098843311679,7.792862203515311,7.2803119538621575
0.87,GE2016.ICMP_ICEP_160615_CAST_005,TRUE,2016-06-15T15:17:31Z,67.481,-63.789,44.98092,NA,443,NA,NA,NA,0.0791098843311679,7.792862203515311,7.27455478504156
0.88,GE2016.ICMP_ICEP_160615_CAST_005,TRUE,2016-06-15T15:17:31Z,67.481,-63.789,44.98092,NA,443,NA,NA,NA,0.0791098843311679,7.792862203515311,7.268802168909507
0.89,GE2016.ICMP_ICEP_160615_CAST_005,TRUE,2016-06-15T15:17:31Z,67.481,-63.789,44.98092,NA,443,NA,NA,NA,0.0791098843311679,7.792862203515311,7.263054101865796
0.9,GE2016.ICMP_ICEP_160615_CAST_005,TRUE,2016-06-15T15:17:31Z,67.481,-63.789,44.98092,NA,443,NA,NA,NA,0.0791098843311679,7.792862203515311,7.25731058031307
0.91,GE2016.ICMP_ICEP_160615_CAST_005,TRUE,2016-06-15T15:17:31Z,67.481,-63.789,44.98092,NA,443,NA,NA,NA,0.0791098843311679,7.792862203515311,7.251571600656821
0.92,GE2016.ICMP_ICEP_160615_CAST_005,TRUE,2016-06-15T15:17:31Z,67.481,-63.789,44.98092,NA,443,NA,NA,NA,0.0791098843311679,7.792862203515311,7.245837159305378
0.93,GE2016.ICMP_ICEP_160615_CAST_005,TRUE,2016-06-15T15:17:31Z,67.481,-63.789,44.98092,NA,443,NA,NA,NA,0.0791098843311679,7.792862203515311,7.240107252669915
0.94,GE2016.ICMP_ICEP_160615_CAST_005,TRUE,2016-06-15T15:17:31Z,67.481,-63.789,44.98092,NA,443,NA,NA,NA,0.0791098843311679,7.792862203515311,7.2343818771644415
0.95,GE2016.ICMP_ICEP_160615_CAST_005,TRUE,2016-06-15T15:17:31Z,67.481,-63.789,44.98092,NA,443,NA,NA,NA,0.0791098843311679,7.792862203515311,7.228661029205804
0.96,GE2016.ICMP_ICEP_160615_CAST_005,TRUE,2016-06-15T15:17:31Z,67.481,-63.789,44.98092,NA,443,NA,NA,NA,0.0791098843311679,7.792862203515311,7.2229447052136795
0.97,GE2016.ICMP_ICEP_160615_CAST_005,TRUE,2016-06-15T15:17:31Z,67.481,-63.789,44.98092,NA,443,NA,NA,NA,0.0791098843311679,7.792862203515311,7.217232901610581
0.98,GE2016.ICMP_ICEP_160615_CAST_005,TRUE,2016-06-15T15:17:31Z,67.481,-63.789,44.98092,NA,443,NA,NA,NA,0.0791098843311679,7.792862203515311,7.211525614821848
0.99,GE2016.ICMP_ICEP_160615_CAST_005,TRUE,2016-06-15T15:17:31Z,67.481,-63.789,44.98092,NA,443,NA,NA,NA,0.0791098843311679,7.792862203515311,7.205822841275644
1,GE2016.ICMP_ICEP_160615_CAST_005,TRUE,2016-06-15T15:17:31Z,67.481,-63.789,44.98092,NA,443,NA,NA,NA,0.0791098843311679,7.792862203515311,7.200124577402964
1.02,GE2016.ICMP_ICEP_160615_CAST_005,TRUE,2016-06-15T15:17:31Z,67.481,-63.789,44.98092,NA,443,NA,NA,NA,0.0791098843311679,7.792862203515311,7.188741564416243
1.04,GE2016.ICMP_ICEP_160615_CAST_005,TRUE,2016-06-15T15:17:31Z,67.481,-63.789,44.98092,NA,443,NA,NA,NA,0.0791098843311679,7.792862203515311,7.177376547366016
1.06,GE2016.ICMP_ICEP_160615_CAST_005,TRUE,2016-06-15T15:17:31Z,67.481,-63.789,44.98092,NA,443,NA,NA,NA,0.0791098843311679,7.792862203515311,7.166029497801671
1.08,GE2016.ICMP_ICEP_160615_CAST_005,TRUE,2016-06-15T15:17:31Z,67.481,-63.789,44.98092,NA,443,NA,NA,NA,0.0791098843311679,7.792862203515311,7.154700387317567
1.1,GE2016.ICMP_ICEP_160615_CAST_005,TRUE,2016-06-15T15:17:31Z,67.481,-63.789,44.98092,NA,443,NA,NA,NA,0.0791098843311679,7.792862203515311,7.143389187552978
1.12,GE2016.ICMP_ICEP_160615_CAST_005,TRUE,2016-06-15T15:17:31Z,67.481,-63.789,44.98092,NA,443,NA,NA,NA,0.0791098843311679,7.792862203515311,7.13209587019201
1.14,GE2016.ICMP_ICEP_160615_CAST_005,TRUE,2016-06-15T15:17:31Z,67.481,-63.789,44.98092,NA,443,NA,NA,NA,0.0791098843311679,7.792862203515311,7.120820406963535
1.16,GE2016.ICMP_ICEP_160615_CAST_005,TRUE,2016-06-15T15:17:31Z,67.481,-63.789,44.98092,NA,443,NA,NA,NA,0.0791098843311679,7.792862203515311,7.1095627696411245
1.18,GE2016.ICMP_ICEP_160615_CAST_005,TRUE,2016-06-15T15:17:31Z,67.481,-63.789,44.98092,NA,443,NA,NA,NA,0.0791098843311679,7.792862203515311,7.09832293004297
1.2,GE2016.ICMP_ICEP_160615_CAST_005,TRUE,2016-06-15T15:17:31Z,67.481,-63.789,44.98092,NA,443,NA,NA,NA,0.0791098843311679,7.792862203515311,7.08710086003182
1.22,GE2016.ICMP_ICEP_160615_CAST_005,TRUE,2016-06-15T15:17:31Z,67.481,-63.789,44.98092,NA,443,NA,NA,NA,0.0791098843311679,7.792862203515311,7.075896531514903
1.24,GE2016.ICMP_ICEP_160615_CAST_005,TRUE,2016-06-15T15:17:31Z,67.481,-63.789,44.98092,NA,443,NA,NA,NA,0.0791098843311679,7.792862203515311,7.064709916443865
1.26,GE2016.ICMP_ICEP_160615_CAST_005,TRUE,2016-06-15T15:17:31Z,67.481,-63.789,44.98092,NA,443,NA,NA,NA,0.0791098843311679,7.792862203515311,7.053540986814691
1.28,GE2016.ICMP_ICEP_160615_CAST_005,TRUE,2016-06-15T15:17:31Z,67.481,-63.789,44.98092,NA,443,NA,NA,NA,0.0791098843311679,7.792862203515311,7.042389714667641
1.3,GE2016.ICMP_ICEP_160615_CAST_005,TRUE,2016-06-15T15:17:31Z,67.481,-63.789,44.98092,NA,443,NA,NA,NA,0.0791098843311679,7.792862203515311,7.031256072087176
1.32,GE2016.ICMP_ICEP_160615_CAST_005,TRUE,2016-06-15T15:17:31Z,67.481,-63.789,44.98092,NA,443,NA,NA,NA,0.0791098843311679,7.792862203515311,7.020140031201895
1.34,GE2016.ICMP_ICEP_160615_CAST_005,TRUE,2016-06-15T15:17:31Z,67.481,-63.789,44.98092,NA,443,NA,NA,NA,0.0791098843311679,7.792862203515311,7.009041564184454
1.36,GE2016.ICMP_ICEP_160615_CAST_005,TRUE,2016-06-15T15:17:31Z,67.481,-63.789,44.98092,NA,443,NA,NA,NA,0.0791098843311679,7.792862203515311,6.997960643251505
1.38,GE2016.ICMP_ICEP_160615_CAST_005,TRUE,2016-06-15T15:17:31Z,67.481,-63.789,44.98092,NA,443,NA,NA,NA,0.0791098843311679,7.792862203515311,6.986897240663626
1.4,GE2016.ICMP_ICEP_160615_CAST_005,TRUE,2016-06-15T15:17:31Z,67.481,-63.789,44.98092,NA,443,NA,NA,NA,0.0791098843311679,7.792862203515311,6.975851328725245
1.42,GE2016.ICMP_ICEP_160615_CAST_005,TRUE,2016-06-15T15:17:31Z,67.481,-63.789,44.98092,NA,443,3.64400047995369,NA,NA,0.0791098843311679,7.792862203515311,6.96482287978458
1.44,GE2016.ICMP_ICEP_160615_CAST_005,TRUE,2016-06-15T15:17:31Z,67.481,-63.789,44.98092,NA,443,3.64512649815916,NA,NA,0.0791098843311679,7.792862203515311,6.953811866233561
1.46,GE2016.ICMP_ICEP_160615_CAST_005,TRUE,2016-06-15T15:17:31Z,67.481,-63.789,44.98092,NA,443,3.64636167947702,NA,NA,0.0791098843311679,7.792862203515311,6.942818260507769
1.48,GE2016.ICMP_ICEP_160615_CAST_005,TRUE,2016-06-15T15:17:31Z,67.481,-63.789,44.98092,NA,443,3.64770424647145,NA,NA,0.0791098843311679,7.792862203515311,6.931842035086359
1.5,GE2016.ICMP_ICEP_160615_CAST_005,TRUE,2016-06-15T15:17:31Z,67.481,-63.789,44.98092,NA,443,3.64915226033541,NA,NA,0.0791098843311679,7.792862203515311,6.9208831624919975
1.52,GE2016.ICMP_ICEP_160615_CAST_005,TRUE,2016-06-15T15:17:31Z,67.481,-63.789,44.98092,NA,443,3.65070368242926,NA,NA,0.0791098843311679,7.792862203515311,6.909941615290791
1.54,GE2016.ICMP_ICEP_160615_CAST_005,TRUE,2016-06-15T15:17:31Z,67.481,-63.789,44.98092,NA,443,3.65235642780628,NA,NA,0.0791098843311679,7.792862203515311,6.899017366092214
1.56,GE2016.ICMP_ICEP_160615_CAST_005,TRUE,2016-06-15T15:17:31Z,67.481,-63.789,44.98092,NA,443,3.65410840127056,NA,NA,0.0791098843311679,7.792862203515311,6.888110387549049
1.58,GE2016.ICMP_ICEP_160615_CAST_005,TRUE,2016-06-15T15:17:31Z,67.481,-63.789,44.98092,NA,443,3.65595752325828,NA,NA,0.0791098843311679,7.792862203515311,6.877220652357312
1.6,GE2016.ICMP_ICEP_160615_CAST_005,TRUE,2016-06-15T15:17:31Z,67.481,-63.789,44.98092,NA,443,3.65790174781448,NA,NA,0.0791098843311679,7.792862203515311,6.8663481332561815
1.62,GE2016.ICMP_ICEP_160615_CAST_005,TRUE,2016-06-15T15:17:31Z,67.481,-63.789,44.98092,NA,443,3.65993907436691,NA,NA,0.0791098843311679,7.792862203515311,6.8554928030279365
1.64,GE2016.ICMP_ICEP_160615_CAST_005,TRUE,2016-06-15T15:17:31Z,67.481,-63.789,44.98092,NA,443,3.66206755841144,NA,NA,0.0791098843311679,7.792862203515311,6.844654634497888
1.66,GE2016.ICMP_ICEP_160615_CAST_005,TRUE,2016-06-15T15:17:31Z,67.481,-63.789,44.98092,NA,443,3.66428531673923,NA,NA,0.0791098843311679,7.792862203515311,6.833833600534304
1.68,GE2016.ICMP_ICEP_160615_CAST_005,TRUE,2016-06-15T15:17:31Z,67.481,-63.789,44.98092,NA,443,3.6665905327972,NA,NA,0.0791098843311679,7.792862203515311,6.82302967404835
1.7,GE2016.ICMP_ICEP_160615_CAST_005,TRUE,2016-06-15T15:17:31Z,67.481,-63.789,44.98092,NA,443,3.66898146190728,NA,NA,0.0791098843311679,7.792862203515311,6.812242827994015
1.72,GE2016.ICMP_ICEP_160615_CAST_005,TRUE,2016-06-15T15:17:31Z,67.481,-63.789,44.98092,NA,443,3.67145643438135,NA,NA,0.0791098843311679,7.792862203515311,6.801473035368048
1.74,GE2016.ICMP_ICEP_160615_CAST_005,TRUE,2016-06-15T15:17:31Z,67.481,-63.789,44.98092,NA,443,3.6740138529337,NA,NA,0.0791098843311679,7.792862203515311,6.7907202692098885
1.76,GE2016.ICMP_ICEP_160615_CAST_005,TRUE,2016-06-15T15:17:31Z,67.481,-63.789,44.98092,NA,443,3.67665218871284,NA,NA,0.0791098843311679,7.792862203515311,6.779984502601599
1.78,GE2016.ICMP_ICEP_160615_CAST_005,TRUE,2016-06-15T15:17:31Z,67.481,-63.789,44.98092,NA,443,3.67936998470931,NA,0.0328749885590025,0.0791098843311679,7.792862203515311,6.769265708667797
1.8,GE2016.ICMP_ICEP_160615_CAST_005,TRUE,2016-06-15T15:17:31Z,67.481,-63.789,44.98092,NA,443,3.68216585754173,NA,0.0328404770373979,0.0791098843311679,7.792862203515311,6.75856386057559
1.82,GE2016.ICMP_ICEP_160615_CAST_005,TRUE,2016-06-15T15:17:31Z,67.481,-63.789,44.98092,NA,443,3.68503849786964,NA,0.0328059255972242,0.0791098843311679,7.792862203515311,6.747878931534506
1.84,GE2016.ICMP_ICEP_160615_CAST_005,TRUE,2016-06-15T15:17:31Z,67.481,-63.789,44.98092,NA,443,3.68798667060693,NA,0.0327713343956621,0.0791098843311679,7.792862203515311,6.7372108947964255
1.86,GE2016.ICMP_ICEP_160615_CAST_005,TRUE,2016-06-15T15:17:31Z,67.481,-63.789,44.98092,NA,443,3.69100921662999,NA,0.0327367036067116,0.0791098843311679,7.792862203515311,6.726559723655522
1.88,GE2016.ICMP_ICEP_160615_CAST_005,TRUE,2016-06-15T15:17:31Z,67.481,-63.789,44.98092,NA,443,3.69410505434865,NA,0.032702033419102,0.0791098843311679,7.792862203515311,6.715925391448183
1.9,GE2016.ICMP_ICEP_160615_CAST_005,TRUE,2016-06-15T15:17:31Z,67.481,-63.789,44.98092,NA,443,3.69727318142949,NA,0.0326673240275487,0.0791098843311679,7.792862203515311,6.705307871552953
1.92,GE2016.ICMP_ICEP_160615_CAST_005,TRUE,2016-06-15T15:17:31Z,67.481,-63.789,44.98092,NA,443,3.70051267582682,NA,0.0326325756234723,0.0791098843311679,7.792862203515311,6.6947071373904645
1.94,GE2016.ICMP_ICEP_160615_CAST_005,TRUE,2016-06-15T15:17:31Z,67.481,-63.789,44.98092,NA,443,3.7038226993402,NA,0.03259778839034,0.0791098843311679,7.792862203515311,6.684123162423368
1.96,GE2016.ICMP_ICEP_160615_CAST_005,TRUE,2016-06-15T15:17:31Z,67.481,-63.789,44.98092,NA,443,3.70720249952749,NA,0.0325629624986343,0.0791098843311679,7.792862203515311,6.673555920156269
1.98,GE2016.ICMP_ICEP_160615_CAST_005,TRUE,2016-06-15T15:17:31Z,67.481,-63.789,44.98092,NA,443,3.71065141435497,NA,0.0325280981017008,0.0791098843311679,7.792862203515311,6.66300538413566
2,GE2016.ICMP_ICEP_160615_CAST_005,TRUE,2016-06-15T15:17:31Z,67.481,-63.789,44.98092,NA,443,3.71416887653692,NA,0.0324931953318256,0.0791098843311679,7.792862203515311,6.65247152794986
2.05,GE2016.ICMP_ICEP_160615_CAST_005,TRUE,2016-06-15T15:17:31Z,67.481,-63.789,44.98092,NA,443,3.72325958812712,NA,0.0324057711153047,0.0791098843311679,7.792862203515311,6.626209688812557
2.1,GE2016.ICMP_ICEP_160615_CAST_005,TRUE,2016-06-15T15:17:31Z,67.481,-63.789,44.98092,NA,443,3.73277157787902,NA,0.0323181082526477,0.0791098843311679,7.792862203515311,6.60005152305318
2.15,GE2016.ICMP_ICEP_160615_CAST_005,TRUE,2016-06-15T15:17:31Z,67.481,-63.789,44.98092,NA,443,3.74270473702249,NA,0.0322302061603887,0.0791098843311679,7.792862203515311,6.573996621402251
2.2,GE2016.ICMP_ICEP_160615_CAST_005,TRUE,2016-06-15T15:17:31Z,67.481,-63.789,44.98092,NA,443,3.7530635864095,NA,0.0321420634748546,0.0791098843311679,7.792862203515311,6.548044576205951
2.25,GE2016.ICMP_ICEP_160615_CAST_005,TRUE,2016-06-15T15:17:31Z,67.481,-63.789,44.98092,NA,443,3.76385777553941,NA,0.0320536779928617,0.0791098843311679,7.792862203515311,6.522194981419754
2.3,GE2016.ICMP_ICEP_160615_CAST_005,TRUE,2016-06-15T15:17:31Z,67.481,-63.789,44.98092,NA,443,3.77510271994635,NA,0.0319650464449239,0.0791098843311679,7.792862203515311,6.496447432602065
2.35,GE2016.ICMP_ICEP_160615_CAST_005,TRUE,2016-06-15T15:17:31Z,67.481,-63.789,44.98092,NA,443,3.78682043009599,NA,0.03187616462997,0.0791098843311679,7.792862203515311,6.470801526907895
2.4,GE2016.ICMP_ICEP_160615_CAST_005,TRUE,2016-06-15T15:17:31Z,67.481,-63.789,44.98092,NA,443,3.79904040777507,NA,0.0317870275309075,0.0791098843311679,7.792862203515311,6.445256863082563
2.45,GE2016.ICMP_ICEP_160615_CAST_005,TRUE,2016-06-15T15:17:31Z,67.481,-63.789,44.98092,NA,443,3.81180064889739,NA,0.0316976294252538,0.0791098843311679,7.792862203515311,6.419813041455408
2.5,GE2016.ICMP_ICEP_160615_CAST_005,TRUE,2016-06-15T15:17:31Z,67.481,-63.789,44.98092,NA,443,3.82514886266121,NA,0.0316079640771942,0.0791098843311679,7.792862203515311,6.394469663933546
2.55,GE2016.ICMP_ICEP_160615_CAST_005,TRUE,2016-06-15T15:17:31Z,67.481,-63.789,44.98092,NA,443,3.83914383564569,NA,0.0315180251056107,0.0791098843311679,7.792862203515311,6.369226333995636
2.6,GE2016.ICMP_ICEP_160615_CAST_005,TRUE,2016-06-15T15:17:31Z,67.481,-63.789,44.98092,NA,443,3.85385675868862,NA,0.0314278060878305,0.0791098843311679,7.792862203515311,6.344082656685675
2.65,GE2016.ICMP_ICEP_160615_CAST_005,TRUE,2016-06-15T15:17:31Z,67.481,-63.789,44.98092,NA,443,3.86937203213835,NA,0.0313373008416292,0.0791098843311679,7.792862203515311,6.319038238606822
2.7,GE2016.ICMP_ICEP_160615_CAST_005,TRUE,2016-06-15T15:17:31Z,67.481,-63.789,44.98092,NA,443,3.88578567300649,NA,0.0312465041377807,0.0791098843311679,7.792862203515311,6.294092687915242
2.75,GE2016.ICMP_ICEP_160615_CAST_005,TRUE,2016-06-15T15:17:31Z,67.481,-63.789,44.98092,NA,443,3.90319621176641,NA,0.0311554124758228,0.0791098843311679,7.792862203515311,6.269245614313974
2.8,GE2016.ICMP_ICEP_160615_CAST_005,TRUE,2016-06-15T15:17:31Z,67.481,-63.789,44.98092,NA,443,3.92167460776028,NA,0.0310640249035985,0.0791098843311679,7.792862203515311,6.244496629046824
2.85,GE2016.ICMP_ICEP_160615_CAST_005,TRUE,2016-06-15T15:17:31Z,67.481,-63.789,44.98092,NA,443,3.94118025829724,NA,0.0309723439705925,0.0791098843311679,7.792862203515311,6.219845344892286
2.9,GE2016.ICMP_ICEP_160615_CAST_005,TRUE,2016-06-15T15:17:31Z,67.481,-63.789,44.98092,NA,443,3.96135903206738,NA,0.0308803770843007,0.0791098843311679,7.792862203515311,6.1952913761574795
2.95,GE2016.ICMP_ICEP_160615_CAST_005,TRUE,2016-06-15T15:17:31Z,67.481,-63.789,44.98092,NA,443,3.98118971303055,NA,0.030788138190006,0.0791098843311679,7.792862203515311,6.170834338672117
3,GE2016.ICMP_ICEP_160615_CAST_005,TRUE,2016-06-15T15:17:31Z,67.481,-63.789,44.98092,NA,443,3.99893651751643,NA,0.0306956500888026,0.0791098843311679,7.792862203515311,6.146473849782494
3.05,GE2016.ICMP_ICEP_160615_CAST_005,TRUE,2016-06-15T15:17:31Z,67.481,-63.789,44.98092,NA,443,4.01328166029801,NA,0.0306029479853262,0.0791098843311679,7.792862203515311,6.122209528345499
3.1,GE2016.ICMP_ICEP_160615_CAST_005,TRUE,2016-06-15T15:17:31Z,67.481,-63.789,44.98092,NA,443,4.02664305446687,NA,0.0305100850942245,0.0791098843311679,7.792862203515311,6.098040994722652
3.15,GE2016.ICMP_ICEP_160615_CAST_005,TRUE,2016-06-15T15:17:31Z,67.481,-63.789,44.98092,NA,443,4.03914838043818,NA,0.0304171406345956,0.0791098843311679,7.792862203515311,6.073967870774169
3.2,GE2016.ICMP_ICEP_160615_CAST_005,TRUE,2016-06-15T15:17:31Z,67.481,-63.789,44.98092,NA,443,4.0508802665768,NA,0.0303242290369669,0.0791098843311679,7.792862203515311,6.049989779853037
3.25,GE2016.ICMP_ICEP_160615_CAST_005,TRUE,2016-06-15T15:17:31Z,67.481,-63.789,44.98092,NA,443,4.06174143859183,NA,0.0302315029819752,0.0791098843311679,7.792862203515311,6.026106346799126
3.3,GE2016.ICMP_ICEP_160615_CAST_005,TRUE,2016-06-15T15:17:31Z,67.481,-63.789,44.98092,NA,443,4.07195872207285,NA,0.0301391209816027,0.0791098843311679,7.792862203515311,6.002317197933323
3.35,GE2016.ICMP_ICEP_160615_CAST_005,TRUE,2016-06-15T15:17:31Z,67.481,-63.789,44.98092,NA,443,4.08140115770305,NA,0.0300471213863716,0.0791098843311679,7.792862203515311,5.978621961051672
3.4,GE2016.ICMP_ICEP_160615_CAST_005,TRUE,2016-06-15T15:17:31Z,67.481,-63.789,44.98092,NA,443,4.09021507670387,NA,0.0299544897034829,0.0791098843311679,7.792862203515311,5.955020265419572
3.45,GE2016.ICMP_ICEP_160615_CAST_005,TRUE,2016-06-15T15:17:31Z,67.481,-63.789,44.98092,NA,443,4.09831251961235,NA,0.0298608048299349,0.0791098843311679,7.792862203515311,5.931511741765952
3.5,GE2016.ICMP_ICEP_160615_CAST_005,TRUE,2016-06-15T15:17:31Z,67.481,-63.789,44.98092,NA,443,4.10572358940741,NA,0.0297663583029984,0.0791098843311679,7.792862203515311,5.908096022277515
3.55,GE2016.ICMP_ICEP_160615_CAST_005,TRUE,2016-06-15T15:17:31Z,67.481,-63.789,44.98092,NA,443,4.1125079048471,NA,0.0296711668425064,0.0791098843311679,7.792862203515311,5.884772740592969
3.6,GE2016.ICMP_ICEP_160615_CAST_005,TRUE,2016-06-15T15:17:31Z,67.481,-63.789,44.98092,NA,443,4.11866232549113,NA,0.0295751563182074,0.0791098843311679,7.792862203515311,5.8615415317973
3.65,GE2016.ICMP_ICEP_160615_CAST_005,TRUE,2016-06-15T15:17:31Z,67.481,-63.789,44.98092,NA,443,4.12428333112101,NA,0.0294785474856349,0.0791098843311679,7.792862203515311,5.838402032416064
3.7,GE2016.ICMP_ICEP_160615_CAST_005,TRUE,2016-06-15T15:17:31Z,67.481,-63.789,44.98092,NA,443,4.12939319563545,NA,0.0293807157233072,0.0791098843311679,7.792862203515311,5.815353880409696
3.75,GE2016.ICMP_ICEP_160615_CAST_005,TRUE,2016-06-15T15:17:31Z,67.481,-63.789,44.98092,NA,443,4.13405873513161,NA,0.02928195571452,0.0791098843311679,7.792862203515311,5.79239671516785
3.8,GE2016.ICMP_ICEP_160615_CAST_005,TRUE,2016-06-15T15:17:31Z,67.481,-63.789,44.98092,NA,443,4.13830816436821,NA,0.0291820162657205,0.0791098843311679,7.792862203515311,5.769530177503755
3.85,GE2016.ICMP_ICEP_160615_CAST_005,TRUE,2016-06-15T15:17:31Z,67.481,-63.789,44.98092,NA,443,4.14217946515669,NA,0.0290809631543464,0.0791098843311679,7.792862203515311,5.746753909648593
3.9,GE2016.ICMP_ICEP_160615_CAST_005,TRUE,2016-06-15T15:17:31Z,67.481,-63.789,44.98092,NA,443,4.14565193200244,NA,0.0289786700105656,0.0791098843311679,7.792862203515311,5.724067555245905
3.95,GE2016.ICMP_ICEP_160615_CAST_005,TRUE,2016-06-15T15:17:31Z,67.481,-63.789,44.98092,NA,443,4.14873942334558,NA,0.0288757776100327,0.0791098843311679,7.792862203515311,5.701470759346012
4,GE2016.ICMP_ICEP_160615_CAST_005,TRUE,2016-06-15T15:17:31Z,67.481,-63.789,44.98092,NA,443,4.15141767590059,NA,0.0287723951470574,0.0791098843311679,7.792862203515311,5.6789631684004664
4.05,GE2016.ICMP_ICEP_160615_CAST_005,TRUE,2016-06-15T15:17:31Z,67.481,-63.789,44.98092,NA,443,4.15375309354565,NA,0.0286689210723957,0.0791098843311679,7.792862203515311,5.656544430256513
4.1,GE2016.ICMP_ICEP_160615_CAST_005,TRUE,2016-06-15T15:17:31Z,67.481,-63.789,44.98092,NA,443,4.1557112522627,NA,0.0285654493787538,0.0791098843311679,7.792862203515311,5.634214194151589
4.15,GE2016.ICMP_ICEP_160615_CAST_005,TRUE,2016-06-15T15:17:31Z,67.481,-63.789,44.98092,NA,443,4.15735739728968,NA,0.0284623102314568,0.0791098843311679,7.792862203515311,5.611972110707824
4.2,GE2016.ICMP_ICEP_160615_CAST_005,TRUE,2016-06-15T15:17:31Z,67.481,-63.789,44.98092,NA,443,4.15859737700963,NA,0.0283596843968599,0.0791098843311679,7.792862203515311,5.589817831926587
4.25,GE2016.ICMP_ICEP_160615_CAST_005,TRUE,2016-06-15T15:17:31Z,67.481,-63.789,44.98092,NA,443,4.15950337233707,NA,0.0282577394983126,0.0791098843311679,7.792862203515311,5.567751011183029
4.3,GE2016.ICMP_ICEP_160615_CAST_005,TRUE,2016-06-15T15:17:31Z,67.481,-63.789,44.98092,NA,443,4.1600616201712,NA,0.0281565570311088,0.0791098843311679,7.792862203515311,5.54577130322067
4.35,GE2016.ICMP_ICEP_160615_CAST_005,TRUE,2016-06-15T15:17:31Z,67.481,-63.789,44.98092,NA,443,4.1603336970371,NA,0.0280561792336211,0.0791098843311679,7.792862203515311,5.523878364145988
4.4,GE2016.ICMP_ICEP_160615_CAST_005,TRUE,2016-06-15T15:17:31Z,67.481,-63.789,44.98092,NA,443,4.16027283273825,NA,0.0279566027786289,0.0791098843311679,7.792862203515311,5.5020718514230476
4.45,GE2016.ICMP_ICEP_160615_CAST_005,TRUE,2016-06-15T15:17:31Z,67.481,-63.789,44.98092,NA,443,4.15994954643053,NA,0.0278579813960476,0.0791098843311679,7.792862203515311,5.480351423868134
4.5,GE2016.ICMP_ICEP_160615_CAST_005,TRUE,2016-06-15T15:17:31Z,67.481,-63.789,44.98092,NA,443,4.15932448791309,NA,0.0277601369032782,0.0791098843311679,7.792862203515311,5.458716741644417
4.55,GE2016.ICMP_ICEP_160615_CAST_005,TRUE,2016-06-15T15:17:31Z,67.481,-63.789,44.98092,NA,443,4.15825749772672,NA,0.0276632469458418,0.0791098843311679,7.792862203515311,5.437167466256635
4.6,GE2016.ICMP_ICEP_160615_CAST_005,TRUE,2016-06-15T15:17:31Z,67.481,-63.789,44.98092,NA,443,4.15664393341672,NA,0.0275666237161448,0.0791098843311679,7.792862203515311,5.415703260545795
4.65,GE2016.ICMP_ICEP_160615_CAST_005,TRUE,2016-06-15T15:17:31Z,67.481,-63.789,44.98092,NA,443,4.15437925580757,NA,0.0274706530104928,0.0791098843311679,7.792862203515311,5.394323788683905
4.7,GE2016.ICMP_ICEP_160615_CAST_005,TRUE,2016-06-15T15:17:31Z,67.481,-63.789,44.98092,NA,443,4.15157692813433,NA,0.0273752121293528,0.0791098843311679,7.792862203515311,5.373028716168712
4.75,GE2016.ICMP_ICEP_160615_CAST_005,TRUE,2016-06-15T15:17:31Z,67.481,-63.789,44.98092,NA,443,4.14840085434201,NA,0.027280824199981,0.0791098843311679,7.792862203515311,5.351817709818472
4.8,GE2016.ICMP_ICEP_160615_CAST_005,TRUE,2016-06-15T15:17:31Z,67.481,-63.789,44.98092,NA,443,4.14476484583709,NA,0.0271873291597741,0.0791098843311679,7.792862203515311,5.330690437766735
4.85,GE2016.ICMP_ICEP_160615_CAST_005,TRUE,2016-06-15T15:17:31Z,67.481,-63.789,44.98092,NA,443,4.1410229752571,NA,0.0270953659595226,0.0791098843311679,7.792862203515311,5.309646569457157
4.9,GE2016.ICMP_ICEP_160615_CAST_005,TRUE,2016-06-15T15:17:31Z,67.481,-63.789,44.98092,NA,443,4.13690132996558,NA,0.0270039675914946,0.0791098843311679,7.792862203515311,5.2886857756383225
4.95,GE2016.ICMP_ICEP_160615_CAST_005,TRUE,2016-06-15T15:17:31Z,67.481,-63.789,44.98092,NA,443,4.13241144167517,NA,0.0269133836604955,0.0791098843311679,7.792862203515311,5.267807728358597
5,GE2016.ICMP_ICEP_160615_CAST_005,TRUE,2016-06-15T15:17:31Z,67.481,-63.789,44.98092,NA,443,4.12777330032025,NA,0.0268232672556686,0.0791098843311679,7.792862203515311,5.247012100960995
5.1,GE2016.ICMP_ICEP_160615_CAST_005,TRUE,2016-06-15T15:17:31Z,67.481,-63.789,44.98092,NA,443,4.11760016384434,NA,0.026642755991421,0.0791098843311679,7.792862203515311,5.205666805626815
5.2,GE2016.ICMP_ICEP_160615_CAST_005,TRUE,2016-06-15T15:17:31Z,67.481,-63.789,44.98092,NA,443,4.10674256472699,NA,0.0264623102002518,0.0791098843311679,7.792862203515311,5.164647302079155
5.3,GE2016.ICMP_ICEP_160615_CAST_005,TRUE,2016-06-15T15:17:31Z,67.481,-63.789,44.98092,NA,443,4.09546027459773,NA,0.0262823551725549,0.0791098843311679,7.792862203515311,5.123951023150767
5.4,GE2016.ICMP_ICEP_160615_CAST_005,TRUE,2016-06-15T15:17:31Z,67.481,-63.789,44.98092,NA,443,4.0840199833069,NA,0.0261024690399237,0.0791098843311679,7.792862203515311,5.083575421903106
5.5,GE2016.ICMP_ICEP_160615_CAST_005,TRUE,2016-06-15T15:17:31Z,67.481,-63.789,44.98092,NA,443,4.07253164099933,NA,0.0259218016039254,0.0791098843311679,7.792862203515311,5.043517971466948
5.6,GE2016.ICMP_ICEP_160615_CAST_005,TRUE,2016-06-15T15:17:31Z,67.481,-63.789,44.98092,NA,443,4.06103262549472,NA,0.0257392066829668,0.0791098843311679,7.792862203515311,5.0037761648842345
5.7,GE2016.ICMP_ICEP_160615_CAST_005,TRUE,2016-06-15T15:17:31Z,67.481,-63.789,44.98092,NA,443,4.04981968056712,NA,0.0255542002725528,0.0791098843311679,7.792862203515311,4.964347514951184
5.8,GE2016.ICMP_ICEP_160615_CAST_005,TRUE,2016-06-15T15:17:31Z,67.481,-63.789,44.98092,NA,443,4.03897110053198,NA,0.0253672653483644,0.0791098843311679,7.792862203515311,4.925229554062629
5.9,GE2016.ICMP_ICEP_160615_CAST_005,TRUE,2016-06-15T15:17:31Z,67.481,-63.789,44.98092,NA,443,4.02840852768308,NA,0.0251778743095242,0.0791098843311679,7.792862203515311,4.886419834057588
6,GE2016.ICMP_ICEP_160615_CAST_005,TRUE,2016-06-15T15:17:31Z,67.481,-63.789,44.98092,NA,443,4.01849986411324,NA,0.0249859997093552,0.0791098843311679,7.792862203515311,4.847915926066047
6.1,GE2016.ICMP_ICEP_160615_CAST_005,TRUE,2016-06-15T15:17:31Z,67.481,-63.789,44.98092,NA,443,4.0090010942948,NA,0.0247919390443138,0.0791098843311679,7.792862203515311,4.809715420356948
6.2,GE2016.ICMP_ICEP_160615_CAST_005,TRUE,2016-06-15T15:17:31Z,67.481,-63.789,44.98092,NA,443,3.99997632086655,NA,0.0245960671210799,0.0791098843311679,7.792862203515311,4.771815926187379
6.3,GE2016.ICMP_ICEP_160615_CAST_005,TRUE,2016-06-15T15:17:31Z,67.481,-63.789,44.98092,NA,443,3.99100707546814,NA,0.0243989163753734,0.0791098843311679,7.792862203515311,4.734215071652962
6.4,GE2016.ICMP_ICEP_160615_CAST_005,TRUE,2016-06-15T15:17:31Z,67.481,-63.789,44.98092,NA,443,3.9820906825553,NA,0.0242011761484913,0.0791098843311679,7.792862203515311,4.696910503539392
6.5,GE2016.ICMP_ICEP_160615_CAST_005,TRUE,2016-06-15T15:17:31Z,67.481,-63.789,44.98092,NA,443,3.97292748785338,NA,0.0240035426577433,0.0791098843311679,7.792862203515311,4.659899887175179
6.6,GE2016.ICMP_ICEP_160615_CAST_005,TRUE,2016-06-15T15:17:31Z,67.481,-63.789,44.98092,NA,443,3.96305545979626,NA,0.0238066430525999,0.0791098843311679,7.792862203515311,4.623180906285525
6.7,GE2016.ICMP_ICEP_160615_CAST_005,TRUE,2016-06-15T15:17:31Z,67.481,-63.789,44.98092,NA,443,3.95237853322842,NA,0.023610920216842,0.0791098843311679,7.792862203515311,4.586751262847365
6.8,GE2016.ICMP_ICEP_160615_CAST_005,TRUE,2016-06-15T15:17:31Z,67.481,-63.789,44.98092,NA,443,3.94072620276901,NA,0.0234166628876976,0.0791098843311679,7.792862203515311,4.550608676945549
6.9,GE2016.ICMP_ICEP_160615_CAST_005,TRUE,2016-06-15T15:17:31Z,67.481,-63.789,44.98092,NA,443,3.92797265978012,NA,0.0232241386666639,0.0791098843311679,7.792862203515311,4.514750886630154
7,GE2016.ICMP_ICEP_160615_CAST_005,TRUE,2016-06-15T15:17:31Z,67.481,-63.789,44.98092,NA,443,3.9141787679741,NA,0.0230336784532197,0.0791098843311679,7.792862203515311,4.479175647774922
7.1,GE2016.ICMP_ICEP_160615_CAST_005,TRUE,2016-06-15T15:17:31Z,67.481,-63.789,44.98092,NA,443,3.8993999310337,NA,0.0228456108839568,0.0791098843311679,7.792862203515311,4.443880733936815
7.2,GE2016.ICMP_ICEP_160615_CAST_005,TRUE,2016-06-15T15:17:31Z,67.481,-63.789,44.98092,NA,443,3.88353015861885,NA,0.0226601548157384,0.0791098843311679,7.792862203515311,4.4088639362166715
7.3,GE2016.ICMP_ICEP_160615_CAST_005,TRUE,2016-06-15T15:17:31Z,67.481,-63.789,44.98092,NA,443,3.86686577735464,NA,0.0224773564232091,0.0791098843311679,7.792862203515311,4.37412306312097
7.4,GE2016.ICMP_ICEP_160615_CAST_005,TRUE,2016-06-15T15:17:31Z,67.481,-63.789,44.98092,NA,443,3.84978229692817,NA,0.0222973016407684,0.0791098843311679,7.792862203515311,4.339655940424672
7.5,GE2016.ICMP_ICEP_160615_CAST_005,TRUE,2016-06-15T15:17:31Z,67.481,-63.789,44.98092,NA,443,3.83259507850362,NA,0.022119886131528,0.0791098843311679,7.792862203515311,4.305460411035149
7.6,GE2016.ICMP_ICEP_160615_CAST_005,TRUE,2016-06-15T15:17:31Z,67.481,-63.789,44.98092,NA,443,3.81546278669367,NA,0.0219453193064531,0.0791098843311679,7.792862203515311,4.271534334857192
7.7,GE2016.ICMP_ICEP_160615_CAST_005,TRUE,2016-06-15T15:17:31Z,67.481,-63.789,44.98092,NA,443,3.79840854442881,NA,0.0217735645483297,0.0791098843311679,7.792862203515311,4.23787558865906
7.8,GE2016.ICMP_ICEP_160615_CAST_005,TRUE,2016-06-15T15:17:31Z,67.481,-63.789,44.98092,NA,443,3.78126959447118,NA,0.021604632194468,0.0791098843311679,7.792862203515311,4.20448206593962
7.9,GE2016.ICMP_ICEP_160615_CAST_005,TRUE,2016-06-15T15:17:31Z,67.481,-63.789,44.98092,NA,443,3.76411939356019,NA,0.0214380425326403,0.0791098843311679,7.792862203515311,4.171351676796491
8,GE2016.ICMP_ICEP_160615_CAST_005,TRUE,2016-06-15T15:17:31Z,67.481,-63.789,44.98092,NA,443,3.74678639162519,NA,0.0212735043348974,0.0791098843311679,7.792862203515311,4.13848234779527
8.1,GE2016.ICMP_ICEP_160615_CAST_005,TRUE,2016-06-15T15:17:31Z,67.481,-63.789,44.98092,NA,443,3.72926708289076,NA,0.021110658423646102,0.0791098843311679,7.792862203515311,4.105872021839751
8.2,GE2016.ICMP_ICEP_160615_CAST_005,TRUE,2016-06-15T15:17:31Z,67.481,-63.789,44.98092,NA,443,3.71152053807178,NA,0.020949319145826,0.0791098843311679,7.792862203515311,4.073518658043196
8.3,GE2016.ICMP_ICEP_160615_CAST_005,TRUE,2016-06-15T15:17:31Z,67.481,-63.789,44.98092,NA,443,3.69341682575099,NA,0.02078948238709,0.0791098843311679,7.792862203515311,4.041420231600603
8.4,GE2016.ICMP_ICEP_160615_CAST_005,TRUE,2016-06-15T15:17:31Z,67.481,-63.789,44.98092,NA,443,3.6748393917875,NA,0.0206309367327941,0.0791098843311679,7.792862203515311,4.009574733661985
8.5,GE2016.ICMP_ICEP_160615_CAST_005,TRUE,2016-06-15T15:17:31Z,67.481,-63.789,44.98092,NA,443,3.65565988191013,NA,0.0204735209546586,0.0791098843311679,7.792862203515311,3.977980171206647
8.6,GE2016.ICMP_ICEP_160615_CAST_005,TRUE,2016-06-15T15:17:31Z,67.481,-63.789,44.98092,NA,443,3.63584978140007,NA,0.0203171153593999,0.0791098843311679,7.792862203515311,3.9466345669184597
8.7,GE2016.ICMP_ICEP_160615_CAST_005,TRUE,2016-06-15T15:17:31Z,67.481,-63.789,44.98092,NA,443,3.61542864520204,NA,0.020161700219563,0.0791098843311679,7.792862203515311,3.915535959062106
8.8,GE2016.ICMP_ICEP_160615_CAST_005,TRUE,2016-06-15T15:17:31Z,67.481,-63.789,44.98092,NA,443,3.59440711180278,NA,0.0200070321066954,0.0791098843311679,7.792862203515311,3.8846824013603087
8.9,GE2016.ICMP_ICEP_160615_CAST_005,TRUE,2016-06-15T15:17:31Z,67.481,-63.789,44.98092,NA,443,3.57286856946287,NA,0.0198530542140138,0.0791098843311679,7.792862203515311,3.8540719628720272
9,GE2016.ICMP_ICEP_160615_CAST_005,TRUE,2016-06-15T15:17:31Z,67.481,-63.789,44.98092,NA,443,3.55095438699228,NA,0.0196999867044446,0.0791098843311679,7.792862203515311,3.8237027278716074
9.1,GE2016.ICMP_ICEP_160615_CAST_005,TRUE,2016-06-15T15:17:31Z,67.481,-63.789,44.98092,NA,443,3.52872202727148,NA,0.0195478075012193,0.0791098843311679,7.792862203515311,3.793572795728892
9.2,GE2016.ICMP_ICEP_160615_CAST_005,TRUE,2016-06-15T15:17:31Z,67.481,-63.789,44.98092,NA,443,3.50618566159702,NA,0.0193964386968303,0.0791098843311679,7.792862203515311,3.7636802807902665
9.3,GE2016.ICMP_ICEP_160615_CAST_005,TRUE,2016-06-15T15:17:31Z,67.481,-63.789,44.98092,NA,443,3.48340104575849,NA,0.019245775888872,0.0791098843311679,7.792862203515311,3.7340233122606517
9.4,GE2016.ICMP_ICEP_160615_CAST_005,TRUE,2016-06-15T15:17:31Z,67.481,-63.789,44.98092,NA,443,3.46042541374944,NA,0.019095622354228,0.0791098843311679,7.792862203515311,3.7046000340864205
9.5,GE2016.ICMP_ICEP_160615_CAST_005,TRUE,2016-06-15T15:17:31Z,67.481,-63.789,44.98092,NA,443,3.43729794396381,NA,0.0189458610727701,0.0791098843311679,7.792862203515311,3.6754086048392374
9.6,GE2016.ICMP_ICEP_160615_CAST_005,TRUE,2016-06-15T15:17:31Z,67.481,-63.789,44.98092,NA,443,3.41405828487313,NA,0.0187964602565352,0.0791098843311679,7.792862203515311,3.6464471976008137
9.7,GE2016.ICMP_ICEP_160615_CAST_005,TRUE,2016-06-15T15:17:31Z,67.481,-63.789,44.98092,NA,443,3.39061984055,NA,0.0186473942706149,0.0791098843311679,7.792862203515311,3.6177139998485757
9.8,GE2016.ICMP_ICEP_160615_CAST_005,TRUE,2016-06-15T15:17:31Z,67.481,-63.789,44.98092,NA,443,3.36696078751697,NA,0.0184987129913706,0.0791098843311679,7.792862203515311,3.5892072133422235
9.9,GE2016.ICMP_ICEP_160615_CAST_005,TRUE,2016-06-15T15:17:31Z,67.481,-63.789,44.98092,NA,443,3.34310401076853,NA,0.0183505068842454,0.0791098843311679,7.792862203515311,3.560925054011196
10,GE2016.ICMP_ICEP_160615_CAST_005,TRUE,2016-06-15T15:17:31Z,67.481,-63.789,44.98092,NA,443,3.31902552359587,NA,0.018202859150068,0.0791098843311679,7.792862203515311,3.5328657518430138
10.2,GE2016.ICMP_ICEP_160615_CAST_005,TRUE,2016-06-15T15:17:31Z,67.481,-63.789,44.98092,NA,443,3.27011290089535,NA,0.0179103848294181,0.0791098843311679,7.792862203515311,3.4774087085718923
10.4,GE2016.ICMP_ICEP_160615_CAST_005,TRUE,2016-06-15T15:17:31Z,67.481,-63.789,44.98092,NA,443,3.22056516646385,NA,0.0176219314542819,0.0791098843311679,7.792862203515311,3.4228222004029805
10.6,GE2016.ICMP_ICEP_160615_CAST_005,TRUE,2016-06-15T15:17:31Z,67.481,-63.789,44.98092,NA,443,3.17077834239273,NA,0.0173379053719854,0.0791098843311679,7.792862203515311,3.36909256214031
10.8,GE2016.ICMP_ICEP_160615_CAST_005,TRUE,2016-06-15T15:17:31Z,67.481,-63.789,44.98092,NA,443,3.12096358506779,NA,0.0170582064616088,0.0791098843311679,7.792862203515311,3.3162063430968725
11,GE2016.ICMP_ICEP_160615_CAST_005,TRUE,2016-06-15T15:17:31Z,67.481,-63.789,44.98092,NA,443,3.07179054113507,NA,0.0167828317482351,0.0791098843311679,7.792862203515311,3.264150303727375
11.2,GE2016.ICMP_ICEP_160615_CAST_005,TRUE,2016-06-15T15:17:31Z,67.481,-63.789,44.98092,NA,443,3.02463621249059,NA,0.0165120623379012,0.0791098843311679,7.792862203515311,3.212911412313848
11.4,GE2016.ICMP_ICEP_160615_CAST_005,TRUE,2016-06-15T15:17:31Z,67.481,-63.789,44.98092,NA,443,2.98056721493245,NA,0.0162462432259954,0.0791098843311679,7.792862203515311,3.162476841703284
11.6,GE2016.ICMP_ICEP_160615_CAST_005,TRUE,2016-06-15T15:17:31Z,67.481,-63.789,44.98092,NA,443,2.94043970167233,NA,0.0159841248447824,0.0791098843311679,7.792862203515311,3.1128339660964865
11.8,GE2016.ICMP_ICEP_160615_CAST_005,TRUE,2016-06-15T15:17:31Z,67.481,-63.789,44.98092,NA,443,2.90433199673946,NA,0.0157247115581701,0.0791098843311679,7.792862203515311,3.0639703578873223
12,GE2016.ICMP_ICEP_160615_CAST_005,TRUE,2016-06-15T15:17:31Z,67.481,-63.789,44.98092,NA,443,2.87118719029282,NA,0.0154672522389648,0.0791098843311679,7.792862203515311,3.0158737845515975
12.2,GE2016.ICMP_ICEP_160615_CAST_005,TRUE,2016-06-15T15:17:31Z,67.481,-63.789,44.98092,NA,443,2.84057065767771,NA,0.0152113494768893,0.0791098843311679,7.792862203515311,2.9685322055847583
12.4,GE2016.ICMP_ICEP_160615_CAST_005,TRUE,2016-06-15T15:17:31Z,67.481,-63.789,44.98092,NA,443,2.81114379369004,NA,0.0149572710656175,0.0791098843311679,7.792862203515311,2.921933769487675
12.6,GE2016.ICMP_ICEP_160615_CAST_005,TRUE,2016-06-15T15:17:31Z,67.481,-63.789,44.98092,NA,443,2.78148792295121,NA,0.0147054171216494,0.0791098843311679,7.792862203515311,2.876066810799733
12.8,GE2016.ICMP_ICEP_160615_CAST_005,TRUE,2016-06-15T15:17:31Z,67.481,-63.789,44.98092,NA,443,2.75040170461981,NA,0.0144571335010495,0.0791098843311679,7.792862203515311,2.830919847178499
13,GE2016.ICMP_ICEP_160615_CAST_005,TRUE,2016-06-15T15:17:31Z,67.481,-63.789,44.98092,NA,443,2.7175836819531,NA,0.0142133495696864,0.0791098843311679,7.792862203515311,2.786481576525233
13.2,GE2016.ICMP_ICEP_160615_CAST_005,TRUE,2016-06-15T15:17:31Z,67.481,-63.789,44.98092,NA,443,2.68273229563278,NA,0.0139744464203935,0.0791098843311679,7.792862203515311,2.7427408741555137
13.4,GE2016.ICMP_ICEP_160615_CAST_005,TRUE,2016-06-15T15:17:31Z,67.481,-63.789,44.98092,NA,443,2.64611509037246,NA,0.0137404714209699,0.0791098843311679,7.792862203515311,2.6996867900142845
13.6,GE2016.ICMP_ICEP_160615_CAST_005,TRUE,2016-06-15T15:17:31Z,67.481,-63.789,44.98092,NA,443,2.60840773980025,NA,0.0135113542558159,0.0791098843311679,7.792862203515311,2.6573085459346184
13.8,GE2016.ICMP_ICEP_160615_CAST_005,TRUE,2016-06-15T15:17:31Z,67.481,-63.789,44.98092,NA,443,2.57031257022154,NA,0.0132866009960952,0.0791098843311679,7.792862203515311,2.6155955329395058
14,GE2016.ICMP_ICEP_160615_CAST_005,TRUE,2016-06-15T15:17:31Z,67.481,-63.789,44.98092,NA,443,2.5324657497962,NA,0.0130658573895625,0.0791098843311679,7.792862203515311,2.574537308586003
14.2,GE2016.ICMP_ICEP_160615_CAST_005,TRUE,2016-06-15T15:17:31Z,67.481,-63.789,44.98092,NA,443,2.49511158048862,NA,0.0128485665816108,0.0791098843311679,7.792862203515311,2.5341235943510685
14.4,GE2016.ICMP_ICEP_160615_CAST_005,TRUE,2016-06-15T15:17:31Z,67.481,-63.789,44.98092,NA,443,2.45838679300768,NA,0.0126343646642478,0.0791098843311679,7.792862203515311,2.4943442730584366
14.6,GE2016.ICMP_ICEP_160615_CAST_005,TRUE,2016-06-15T15:17:31Z,67.481,-63.789,44.98092,NA,443,2.42225925776332,NA,0.0124232386405766,0.0791098843311679,7.792862203515311,2.4551893863458827
14.8,GE2016.ICMP_ICEP_160615_CAST_005,TRUE,2016-06-15T15:17:31Z,67.481,-63.789,44.98092,NA,443,2.38671024016938,NA,0.01221550436446,0.0791098843311679,7.792862203515311,2.4166491321722416
15,GE2016.ICMP_ICEP_160615_CAST_005,TRUE,2016-06-15T15:17:31Z,67.481,-63.789,44.98092,NA,443,2.35167827888768,NA,0.0120111295108693,0.0791098843311679,7.792862203515311,2.378713862363566
15.2,GE2016.ICMP_ICEP_160615_CAST_005,TRUE,2016-06-15T15:17:31Z,67.481,-63.789,44.98092,NA,443,2.31716980835288,NA,0.0118098218489838,0.0791098843311679,7.792862203515311,2.3413740801978005
15.4,GE2016.ICMP_ICEP_160615_CAST_005,TRUE,2016-06-15T15:17:31Z,67.481,-63.789,44.98092,NA,443,2.28321435520192,NA,0.0116114258476424,0.0791098843311679,7.792862203515311,2.3046204380273685
15.6,GE2016.ICMP_ICEP_160615_CAST_005,TRUE,2016-06-15T15:17:31Z,67.481,-63.789,44.98092,NA,443,2.2496037555584,NA,0.0114160814057334,0.0791098843311679,7.792862203515311,2.2684437349390842
15.8,GE2016.ICMP_ICEP_160615_CAST_005,TRUE,2016-06-15T15:17:31Z,67.481,-63.789,44.98092,NA,443,2.21598671106596,NA,0.0112238452907018,0.0791098843311679,7.792862203515311,2.2328349144507897
16,GE2016.ICMP_ICEP_160615_CAST_005,TRUE,2016-06-15T15:17:31Z,67.481,-63.789,44.98092,NA,443,2.18217938324005,NA,0.0110346146019702,0.0791098843311679,7.792862203515311,2.1977850622441584
16.2,GE2016.ICMP_ICEP_160615_CAST_005,TRUE,2016-06-15T15:17:31Z,67.481,-63.789,44.98092,NA,443,2.14801759455325,NA,0.0108480151192566,0.0791098843311679,7.792862203515311,2.163285403933079
16.4,GE2016.ICMP_ICEP_160615_CAST_005,TRUE,2016-06-15T15:17:31Z,67.481,-63.789,44.98092,NA,443,2.11337423877286,NA,0.0106634978841504,0.0791098843311679,7.792862203515311,2.129327302867077
16.6,GE2016.ICMP_ICEP_160615_CAST_005,TRUE,2016-06-15T15:17:31Z,67.481,-63.789,44.98092,NA,443,2.07854156947441,NA,0.0104805457067023,0.0791098843311679,7.792862203515311,2.0959022579692124
16.8,GE2016.ICMP_ICEP_160615_CAST_005,TRUE,2016-06-15T15:17:31Z,67.481,-63.789,44.98092,NA,443,2.04391628913283,NA,0.0103007146900254,0.0791098843311679,7.792862203515311,2.06300190160792
17,GE2016.ICMP_ICEP_160615_CAST_005,TRUE,2016-06-15T15:17:31Z,67.481,-63.789,44.98092,NA,443,2.00948681278936,NA,0.0101263737938192,0.0791098843311679,7.792862203515311,2.030617997502254
17.2,GE2016.ICMP_ICEP_160615_CAST_005,TRUE,2016-06-15T15:17:31Z,67.481,-63.789,44.98092,NA,443,1.97539417907019,NA,0.00995805614631838,0.0791098843311679,7.792862203515311,1.9987424386600163
17.4,GE2016.ICMP_ICEP_160615_CAST_005,TRUE,2016-06-15T15:17:31Z,67.481,-63.789,44.98092,NA,443,1.94216029814956,NA,0.00979624128018261,0.0791098843311679,7.792862203515311,1.9673672453482496
17.6,GE2016.ICMP_ICEP_160615_CAST_005,TRUE,2016-06-15T15:17:31Z,67.481,-63.789,44.98092,NA,443,1.90913734768636,NA,0.00963995612150721,0.0791098843311679,7.792862203515311,1.9364845630955914
17.8,GE2016.ICMP_ICEP_160615_CAST_005,TRUE,2016-06-15T15:17:31Z,67.481,-63.789,44.98092,NA,443,1.87607989199302,NA,0.00948895621361896,0.0791098843311679,7.792862203515311,1.9060866607259848
18,GE2016.ICMP_ICEP_160615_CAST_005,TRUE,2016-06-15T15:17:31Z,67.481,-63.789,44.98092,NA,443,1.84296016624424,NA,0.00933996710232751,0.0791098843311679,7.792862203515311,1.876165928423252
18.2,GE2016.ICMP_ICEP_160615_CAST_005,TRUE,2016-06-15T15:17:31Z,67.481,-63.789,44.98092,NA,443,1.81074479909705,NA,0.00919212745357915,0.0791098843311679,7.792862203515311,1.846714875826053
18.4,GE2016.ICMP_ICEP_160615_CAST_005,TRUE,2016-06-15T15:17:31Z,67.481,-63.789,44.98092,NA,443,1.78052060548569,NA,0.00904597775781191,0.0791098843311679,7.792862203515311,1.8177261301527479
18.6,GE2016.ICMP_ICEP_160615_CAST_005,TRUE,2016-06-15T15:17:31Z,67.481,-63.789,44.98092,NA,443,1.75252066901396,NA,0.00890282097357635,0.0791098843311679,7.792862203515311,1.7891924343556902
18.8,GE2016.ICMP_ICEP_160615_CAST_005,TRUE,2016-06-15T15:17:31Z,67.481,-63.789,44.98092,NA,443,1.72615456073219,NA,0.00876322265032969,0.0791098843311679,7.792862203515311,1.7611066453045032
19,GE2016.ICMP_ICEP_160615_CAST_005,TRUE,2016-06-15T15:17:31Z,67.481,-63.789,44.98092,NA,443,1.70123574086134,NA,0.00862628479907538,0.0791098843311679,7.792862203515311,1.7334617319978598
19.2,GE2016.ICMP_ICEP_160615_CAST_005,TRUE,2016-06-15T15:17:31Z,67.481,-63.789,44.98092,NA,443,1.67770626509925,NA,0.00849064309924501,0.0791098843311679,7.792862203515311,1.7062507738033437
19.4,GE2016.ICMP_ICEP_160615_CAST_005,TRUE,2016-06-15T15:17:31Z,67.481,-63.789,44.98092,NA,443,1.65549560952665,NA,0.00835617770026203,0.0791098843311679,7.792862203515311,1.679466958724938
19.6,GE2016.ICMP_ICEP_160615_CAST_005,TRUE,2016-06-15T15:17:31Z,67.481,-63.789,44.98092,NA,443,1.6342872295957,NA,0.0082233632774192,0.0791098843311679,7.792862203515311,1.653103581697707
19.8,GE2016.ICMP_ICEP_160615_CAST_005,TRUE,2016-06-15T15:17:31Z,67.481,-63.789,44.98092,NA,443,1.61271681165982,NA,0.0080925013407386,0.0791098843311679,7.792862203515311,1.6271540429092521
20,GE2016.ICMP_ICEP_160615_CAST_005,TRUE,2016-06-15T15:17:31Z,67.481,-63.789,44.98092,NA,443,1.58987583546264,NA,0.00796284203217342,0.0791098843311679,7.792862203515311,1.6016118461475086
20.5,GE2016.ICMP_ICEP_160615_CAST_005,TRUE,2016-06-15T15:17:31Z,67.481,-63.789,44.98092,NA,443,1.52822291236866,NA,0.00763599550525674,0.0791098843311679,7.792862203515311,1.5394967600474692
21,GE2016.ICMP_ICEP_160615_CAST_005,TRUE,2016-06-15T15:17:31Z,67.481,-63.789,44.98092,NA,443,1.46509945629317,NA,0.00731698378696933,0.0791098843311679,7.792862203515311,1.4797906745617146
21.5,GE2016.ICMP_ICEP_160615_CAST_005,TRUE,2016-06-15T15:17:31Z,67.481,-63.789,44.98092,NA,443,1.40519496357953,NA,0.00701515229620001,0.0791098843311679,7.792862203515311,1.4224001617595445
22,GE2016.ICMP_ICEP_160615_CAST_005,TRUE,2016-06-15T15:17:31Z,67.481,-63.789,44.98092,NA,443,1.34791378613574,NA,0.00672973354848064,0.0791098843311679,7.792862203515311,1.3672354171125027
22.5,GE2016.ICMP_ICEP_160615_CAST_005,TRUE,2016-06-15T15:17:31Z,67.481,-63.789,44.98092,NA,443,1.29269805059904,NA,0.00645682726782043,0.0791098843311679,7.792862203515311,1.3142101189684827
23,GE2016.ICMP_ICEP_160615_CAST_005,TRUE,2016-06-15T15:17:31Z,67.481,-63.789,44.98092,NA,443,1.23898256995295,NA,0.00619534539827911,0.0791098843311679,7.792862203515311,1.2632412934758217
23.5,GE2016.ICMP_ICEP_160615_CAST_005,TRUE,2016-06-15T15:17:31Z,67.481,-63.789,44.98092,NA,443,1.18748153725624,NA,0.0059435950215279,0.0791098843311679,7.792862203515311,1.2142491847460335
24,GE2016.ICMP_ICEP_160615_CAST_005,TRUE,2016-06-15T15:17:31Z,67.481,-63.789,44.98092,NA,443,1.1402008893508,NA,0.00570200944803965,0.0791098843311679,7.792862203515311,1.1671571300519923
24.5,GE2016.ICMP_ICEP_160615_CAST_005,TRUE,2016-06-15T15:17:31Z,67.481,-63.789,44.98092,NA,443,1.09777132965698,NA,0.00547364655986189,0.0791098843311679,7.792862203515311,1.121891439866296
25,GE2016.ICMP_ICEP_160615_CAST_005,TRUE,2016-06-15T15:17:31Z,67.481,-63.789,44.98092,NA,443,1.0566553301037,NA,0.00525516280404861,0.0791098843311679,7.792862203515311,1.0783812825520787
25.5,GE2016.ICMP_ICEP_160615_CAST_005,TRUE,2016-06-15T15:17:31Z,67.481,-63.789,44.98092,NA,443,1.0171356201986,NA,0.00503805524058429,0.0791098843311679,7.792862203515311,1.0365585735258467
26,GE2016.ICMP_ICEP_160615_CAST_005,TRUE,2016-06-15T15:17:31Z,67.481,-63.789,44.98092,NA,443,0.979796655911327,NA,0.00483779668945075,0.0791098843311679,7.792862203515311,0.9963578687188955
26.5,GE2016.ICMP_ICEP_160615_CAST_005,TRUE,2016-06-15T15:17:31Z,67.481,-63.789,44.98092,NA,443,0.941952233279717,NA,0.0046503896909748,0.0791098843311679,7.792862203515311,0.9577162621705972
27,GE2016.ICMP_ICEP_160615_CAST_005,TRUE,2016-06-15T15:17:31Z,67.481,-63.789,44.98092,NA,443,0.906585846402711,NA,0.00446079228820003,0.0791098843311679,7.792862203515311,0.9205732875933126
27.5,GE2016.ICMP_ICEP_160615_CAST_005,TRUE,2016-06-15T15:17:31Z,67.481,-63.789,44.98092,NA,443,0.875839633268844,NA,0.00428430243725991,0.0791098843311679,7.792862203515311,0.8848708237548998
28,GE2016.ICMP_ICEP_160615_CAST_005,TRUE,2016-06-15T15:17:31Z,67.481,-63.789,44.98092,NA,443,0.847340313002151,NA,0.00412483510962937,0.0791098843311679,7.792862203515311,0.8505530035307567
28.5,GE2016.ICMP_ICEP_160615_CAST_005,TRUE,2016-06-15T15:17:31Z,67.481,-63.789,44.98092,NA,443,0.817474188610204,NA,0.00397436531135861,0.0791098843311679,7.792862203515311,0.8175661264830862
29,GE2016.ICMP_ICEP_160615_CAST_005,TRUE,2016-06-15T15:17:31Z,67.481,-63.789,44.98092,NA,443,0.783843608058096,NA,0.00381654762852106,0.0791098843311679,7.792862203515311,0.7858585748305895
29.5,GE2016.ICMP_ICEP_160615_CAST_005,TRUE,2016-06-15T15:17:31Z,67.481,-63.789,44.98092,NA,443,0.74995838715423,NA,0.00364788988772139,0.0791098843311679,7.792862203515311,0.7553807326770917
30,GE2016.ICMP_ICEP_160615_CAST_005,TRUE,2016-06-15T15:17:31Z,67.481,-63.789,44.98092,NA,443,0.719309106720503,NA,0.00348703825784209,0.0791098843311679,7.792862203515311,0.7260849083727133
30.5,GE2016.ICMP_ICEP_160615_CAST_005,TRUE,2016-06-15T15:17:31Z,67.481,-63.789,44.98092,NA,443,0.690547977227788,NA,0.00334517332322635,0.0791098843311679,7.792862203515311,0.6979252598860995
31,GE2016.ICMP_ICEP_160615_CAST_005,TRUE,2016-06-15T15:17:31Z,67.481,-63.789,44.98092,NA,443,0.6629572818445,NA,0.00321177607911893,0.0791098843311679,7.792862203515311,0.6708577230709248
31.5,GE2016.ICMP_ICEP_160615_CAST_005,TRUE,2016-06-15T15:17:31Z,67.481,-63.789,44.98092,NA,443,0.636588817050919,NA,0.00308129387819699,0.0791098843311679,7.792862203515311,0.6448399427144297
32,GE2016.ICMP_ICEP_160615_CAST_005,TRUE,2016-06-15T15:17:31Z,67.481,-63.789,44.98092,NA,443,0.610880638381703,NA,0.00295718767637482,0.0791098843311679,7.792862203515311,0.6198312062600899
32.5,GE2016.ICMP_ICEP_160615_CAST_005,TRUE,2016-06-15T15:17:31Z,67.481,-63.789,44.98092,NA,443,0.586612056217086,NA,0.00284057510232696,0.0791098843311679,7.792862203515311,0.5957923801007142
33,GE2016.ICMP_ICEP_160615_CAST_005,TRUE,2016-06-15T15:17:31Z,67.481,-63.789,44.98092,NA,443,0.563469331753679,NA,0.00273134588691046,0.0791098843311679,7.792862203515311,0.572685848342273
33.5,GE2016.ICMP_ICEP_160615_CAST_005,TRUE,2016-06-15T15:17:31Z,67.481,-63.789,44.98092,NA,443,0.540849400978045,NA,0.00262662908874512,0.0791098843311679,7.792862203515311,0.5504754539426437
34,GE2016.ICMP_ICEP_160615_CAST_005,TRUE,2016-06-15T15:17:31Z,67.481,-63.789,44.98092,NA,443,0.518723561295604,NA,0.00252457971380023,0.0791098843311679,7.792862203515311,0.5291264421331641
34.5,GE2016.ICMP_ICEP_160615_CAST_005,TRUE,2016-06-15T15:17:31Z,67.481,-63.789,44.98092,NA,443,0.497029720050498,NA,0.00242502579376444,0.0791098843311679,7.792862203515311,0.5086054060344575
35,GE2016.ICMP_ICEP_160615_CAST_005,TRUE,2016-06-15T15:17:31Z,67.481,-63.789,44.98092,NA,443,0.475925872006175,NA,0.00232836876871377,0.0791098843311679,7.792862203515311,0.4888802343814339
35.5,GE2016.ICMP_ICEP_160615_CAST_005,TRUE,2016-06-15T15:17:31Z,67.481,-63.789,44.98092,NA,443,0.456534668261589,NA,0.00223420908219324,0.0791098843311679,7.792862203515311,0.4699200612756629
36,GE2016.ICMP_ICEP_160615_CAST_005,TRUE,2016-06-15T15:17:31Z,67.481,-63.789,44.98092,NA,443,0.439104936273506,NA,0.00214356091286251,0.0791098843311679,7.792862203515311,0.45169521788649536
36.5,GE2016.ICMP_ICEP_160615_CAST_005,TRUE,2016-06-15T15:17:31Z,67.481,-63.789,44.98092,NA,443,0.423221766318252,NA,0.00205731585171757,0.0791098843311679,7.792862203515311,0.43417718602535277
37,GE2016.ICMP_ICEP_160615_CAST_005,TRUE,2016-06-15T15:17:31Z,67.481,-63.789,44.98092,NA,443,0.408188694572324,NA,0.00197562699530071,0.0791098843311679,7.792862203515311,0.41733855352053684
37.5,GE2016.ICMP_ICEP_160615_CAST_005,TRUE,2016-06-15T15:17:31Z,67.481,-63.789,44.98092,NA,443,0.393539441453452,NA,0.00189878449027106,0.0791098843311679,7.792862203515311,0.4011529713227347
38,GE2016.ICMP_ICEP_160615_CAST_005,TRUE,2016-06-15T15:17:31Z,67.481,-63.789,44.98092,NA,443,0.378771307534002,NA,0.00182501964807123,0.0791098843311679,7.792862203515311,0.38559511227409277
38.5,GE2016.ICMP_ICEP_160615_CAST_005,TRUE,2016-06-15T15:17:31Z,67.481,-63.789,44.98092,NA,443,0.363890939870993,NA,0.00175144084687639,0.0791098843311679,7.792862203515311,0.3706406314763441
39,GE2016.ICMP_ICEP_160615_CAST_005,TRUE,2016-06-15T15:17:31Z,67.481,-63.789,44.98092,NA,443,0.349384778096111,NA,0.00168024157000797,0.0791098843311679,7.792862203515311,0.3562661281959745
39.5,GE2016.ICMP_ICEP_160615_CAST_005,TRUE,2016-06-15T15:17:31Z,67.481,-63.789,44.98092,NA,443,0.335468896680443,NA,0.00161364755816247,0.0791098843311679,7.792862203515311,0.3424491092468136
40,GE2016.ICMP_ICEP_160615_CAST_005,TRUE,2016-06-15T15:17:31Z,67.481,-63.789,44.98092,NA,443,0.32177981396794,NA,0.0015510759230593,0.0791098843311679,7.792862203515311,0.32916795379275454
40.5,GE2016.ICMP_ICEP_160615_CAST_005,TRUE,2016-06-15T15:17:31Z,67.481,-63.789,44.98092,NA,443,0.308157292063272,NA,0.00149100855106428,0.0791098843311679,7.792862203515311,0.3164018795155244
41,GE2016.ICMP_ICEP_160615_CAST_005,TRUE,2016-06-15T15:17:31Z,67.481,-63.789,44.98092,NA,443,0.295115261879899,NA,0.00143181736373367,0.0791098843311679,7.792862203515311,0.3041309100945658
41.5,GE2016.ICMP_ICEP_160615_CAST_005,TRUE,2016-06-15T15:17:31Z,67.481,-63.789,44.98092,NA,443,0.28302905651588,NA,0.00137484954471781,0.0791098843311679,7.792862203515311,0.29233584394814116
42,GE2016.ICMP_ICEP_160615_CAST_005,TRUE,2016-06-15T15:17:31Z,67.481,-63.789,44.98092,NA,443,0.271829072451186,NA,0.00132156366880739,0.0791098843311679,7.792862203515311,0.28099822418674597
42.5,GE2016.ICMP_ICEP_160615_CAST_005,TRUE,2016-06-15T15:17:31Z,67.481,-63.789,44.98092,NA,443,0.261468336265896,NA,0.00127063720353502,0.0791098843311679,7.792862203515311,0.27010030973181604
43,GE2016.ICMP_ICEP_160615_CAST_005,TRUE,2016-06-15T15:17:31Z,67.481,-63.789,44.98092,NA,443,0.251856986434665,NA,0.00122065665049668,0.0791098843311679,7.792862203515311,0.25962504755453214
43.5,GE2016.ICMP_ICEP_160615_CAST_005,TRUE,2016-06-15T15:17:31Z,67.481,-63.789,44.98092,NA,443,0.242811642539665,NA,0.00117144087470021,0.0791098843311679,7.792862203515311,0.24955604599128356
44,GE2016.ICMP_ICEP_160615_CAST_005,TRUE,2016-06-15T15:17:31Z,67.481,-63.789,44.98092,NA,443,0.234025361517103,NA,0.00112476598288839,0.0791098843311679,7.792862203515311,0.23987754909403575
44.5,GE2016.ICMP_ICEP_160615_CAST_005,TRUE,2016-06-15T15:17:31Z,67.481,-63.789,44.98092,NA,443,0.225431893020537,NA,0.00108057862451454,0.0791098843311679,7.792862203515311,0.23057441197546186
45,GE2016.ICMP_ICEP_160615_CAST_005,TRUE,2016-06-15T15:17:31Z,67.481,-63.789,44.98092,NA,443,0.216833162125652,NA,0.00103810244418595,0.0791098843311679,7.792862203515311,0.22163207711026217
45.5,GE2016.ICMP_ICEP_160615_CAST_005,TRUE,2016-06-15T15:17:31Z,67.481,-63.789,44.98092,NA,443,0.20821780861113,NA,9.96610828256064e-4,0.0791098843311679,7.792862203515311,0.21303655155558504
46,GE2016.ICMP_ICEP_160615_CAST_005,TRUE,2016-06-15T15:17:31Z,67.481,-63.789,44.98092,NA,443,0.199852956720664,NA,9.57145810094986e-4,0.0791098843311679,7.792862203515311,0.20477438505490597
46.5,GE2016.ICMP_ICEP_160615_CAST_005,TRUE,2016-06-15T15:17:31Z,67.481,-63.789,44.98092,NA,443,0.191888379487642,NA,9.20453382566289e-4,0.0791098843311679,7.792862203515311,0.1968326489911003
47,GE2016.ICMP_ICEP_160615_CAST_005,TRUE,2016-06-15T15:17:31Z,67.481,-63.789,44.98092,NA,443,0.184182284465362,NA,8.86716536453046e-4,0.0791098843311679,7.792862203515311,0.18919891615577572
47.5,GE2016.ICMP_ICEP_160615_CAST_005,TRUE,2016-06-15T15:17:31Z,67.481,-63.789,44.98092,NA,443,0.1767011988325,NA,8.54298075560633e-4,0.0791098843311679,7.792862203515311,0.18186124130320858
48,GE2016.ICMP_ICEP_160615_CAST_005,TRUE,2016-06-15T15:17:31Z,67.481,-63.789,44.98092,NA,443,0.169465544108854,NA,8.2134408606002e-4,0.0791098843311679,7.792862203515311,0.1748081424584536
48.5,GE2016.ICMP_ICEP_160615_CAST_005,TRUE,2016-06-15T15:17:31Z,67.481,-63.789,44.98092,NA,443,0.16260734869372,NA,7.88446483277358e-4,0.0791098843311679,7.792862203515311,0.16802858295037873
49,GE2016.ICMP_ICEP_160615_CAST_005,TRUE,2016-06-15T15:17:31Z,67.481,-63.789,44.98092,NA,443,0.156279926748756,NA,7.5684374243744e-4,0.0791098843311679,7.792862203515311,0.1615119541415099
49.5,GE2016.ICMP_ICEP_160615_CAST_005,TRUE,2016-06-15T15:17:31Z,67.481,-63.789,44.98092,NA,443,0.150416044447955,NA,7.27019995435632e-4,0.0791098843311679,7.792862203515311,0.1552480588276627
50,GE2016.ICMP_ICEP_160615_CAST_005,TRUE,2016-06-15T15:17:31Z,67.481,-63.789,44.98092,NA,443,0.144834700774078,NA,6.98325818004084e-4,0.0791098843311679,7.792862203515311,0.1492270952813828
51,GE2016.ICMP_ICEP_160615_CAST_005,TRUE,2016-06-15T15:17:31Z,67.481,-63.789,44.98092,NA,443,0.134149316387344,NA,6.44367713656299e-4,0.0791098843311679,7.792862203515311,0.13787664253388937
52,GE2016.ICMP_ICEP_160615_CAST_005,TRUE,2016-06-15T15:17:31Z,67.481,-63.789,44.98092,NA,443,0.12412846806823,NA,5.97533033643435e-4,0.0791098843311679,7.792862203515311,0.12738952346805849
53,GE2016.ICMP_ICEP_160615_CAST_005,TRUE,2016-06-15T15:17:31Z,67.481,-63.789,44.98092,NA,443,0.114401376883869,NA,5.51654449197525e-4,0.0791098843311679,7.792862203515311,0.11770007153626659
54,GE2016.ICMP_ICEP_160615_CAST_005,TRUE,2016-06-15T15:17:31Z,67.481,-63.789,44.98092,NA,443,0.10382372453409,NA,5.00714915507859e-4,0.0791098843311679,7.792862203515311,0.10874761489406014
55,GE2016.ICMP_ICEP_160615_CAST_005,TRUE,2016-06-15T15:17:31Z,67.481,-63.789,44.98092,NA,443,0.0952190945161549,NA,4.5508782075607e-4,0.0791098843311679,7.792862203515311,0.10047609649500411
56,GE2016.ICMP_ICEP_160615_CAST_005,TRUE,2016-06-15T15:17:31Z,67.481,-63.789,44.98092,NA,443,0.0884363950756885,NA,4.22574838040712e-4,0.0791098843311679,7.792862203515311,0.09283372308172626
57,GE2016.ICMP_ICEP_160615_CAST_005,TRUE,2016-06-15T15:17:31Z,67.481,-63.789,44.98092,NA,443,0.0811480346868914,NA,3.91222145961087e-4,0.0791098843311679,7.792862203515311,0.08577264087526665
58,GE2016.ICMP_ICEP_160615_CAST_005,TRUE,2016-06-15T15:17:31Z,67.481,-63.789,44.98092,NA,443,0.0768104220946296,NA,3.66552416418865e-4,0.0791098843311679,7.792862203515311,0.0792486359320176
59,GE2016.ICMP_ICEP_160615_CAST_005,TRUE,2016-06-15T15:17:31Z,67.481,-63.789,44.98092,NA,443,0.0732817049578714,NA,3.53552027159897e-4,0.0791098843311679,7.792862203515311,0.07322085729199547
60,GE2016.ICMP_ICEP_160615_CAST_005,TRUE,2016-06-15T15:17:31Z,67.481,-63.789,44.98092,NA,443,0.0661318205688819,NA,3.24902231793576e-4,0.0791098843311679,7.792862203515311,0.06765156118490011
61,GE2016.ICMP_ICEP_160615_CAST_005,TRUE,2016-06-15T15:17:31Z,67.481,-63.789,44.98092,NA,443,0.0593617467944685,NA,2.87114905222252e-4,0.0791098843311679,7.792862203515311,0.06250587469227313
62,GE2016.ICMP_ICEP_160615_CAST_005,TRUE,2016-06-15T15:17:31Z,67.481,-63.789,44.98092,NA,443,0.0567728136198873,NA,2.69151427119349e-4,0.0791098843311679,7.792862203515311,0.05775157738589178
63,GE2016.ICMP_ICEP_160615_CAST_005,TRUE,2016-06-15T15:17:31Z,67.481,-63.789,44.98092,NA,443,0.0540887070887684,NA,2.58235183427799e-4,0.0791098843311679,7.792862203515311,0.05335889957509781
64,GE2016.ICMP_ICEP_160615_CAST_005,TRUE,2016-06-15T15:17:31Z,67.481,-63.789,44.98092,NA,443,0.0493301952231765,NA,2.38275659783828e-4,0.0791098843311679,7.792862203515311,0.04930033589975866
65,GE2016.ICMP_ICEP_160615_CAST_005,TRUE,2016-06-15T15:17:31Z,67.481,-63.789,44.98092,NA,443,0.0446419942839691,NA,2.15419721497853e-4,0.0791098843311679,7.792862203515311,0.045550473101648045
66,GE2016.ICMP_ICEP_160615_CAST_005,TRUE,2016-06-15T15:17:31Z,67.481,-63.789,44.98092,NA,443,0.0410713589443193,NA,1.97890699839356e-4,0.0791098843311679,7.792862203515311,0.04208583089581183
67,GE2016.ICMP_ICEP_160615_CAST_005,TRUE,2016-06-15T15:17:31Z,67.481,-63.789,44.98092,NA,443,0.0380901369584541,NA,1.84405504879672e-4,0.0791098843311679,7.792862203515311,0.03888471494551358
68,GE2016.ICMP_ICEP_160615_CAST_005,TRUE,2016-06-15T15:17:31Z,67.481,-63.789,44.98092,NA,443,0.0358303119560132,NA,1.73661104146498e-4,0.0791098843311679,7.792862203515311,0.03592708102014248
69,GE2016.ICMP_ICEP_160615_CAST_005,TRUE,2016-06-15T15:17:31Z,67.481,-63.789,44.98092,NA,443,0.0333383852469412,NA,1.61916926409865e-4,0.0791098843311679,7.792862203515311,0.03319440948548875
70,GE2016.ICMP_ICEP_160615_CAST_005,TRUE,2016-06-15T15:17:31Z,67.481,-63.789,44.98092,NA,443,0.030377979757635402,NA,1.48575619046863e-4,0.0791098843311679,7.792862203515311,0.03066958934049066
71,GE2016.ICMP_ICEP_160615_CAST_005,TRUE,2016-06-15T15:17:31Z,67.481,-63.789,44.98092,NA,443,0.0274807423607942,NA,1.33823100811803e-4,0.0791098843311679,7.792862203515311,0.02833681107433287
72,GE2016.ICMP_ICEP_160615_CAST_005,TRUE,2016-06-15T15:17:31Z,67.481,-63.789,44.98092,NA,443,0.0253202686287612,NA,1.23581332697888e-4,0.0791098843311679,7.792862203515311,0.026181467673006272
73,GE2016.ICMP_ICEP_160615_CAST_005,TRUE,2016-06-15T15:17:31Z,67.481,-63.789,44.98092,NA,443,0.0240373590193389,NA,1.16039269843513e-4,0.0791098843311679,7.792862203515311,0.02419006315546786
74,GE2016.ICMP_ICEP_160615_CAST_005,TRUE,2016-06-15T15:17:31Z,67.481,-63.789,44.98092,NA,443,0.0224509486097236,NA,1.08251152226758e-4,0.0791098843311679,7.792862203515311,0.022350128066687274
75,GE2016.ICMP_ICEP_160615_CAST_005,TRUE,2016-06-15T15:17:31Z,67.481,-63.789,44.98092,NA,443,0.020074096912389,NA,9.79122651429409e-5,0.0791098843311679,7.792862203515311,0.02065014139842831
76,GE2016.ICMP_ICEP_160615_CAST_005,TRUE,2016-06-15T15:17:31Z,67.481,-63.789,44.98092,NA,443,0.0185893450954213,NA,8.87994715041408e-5,0.0791098843311679,7.792862203515311,0.019079458448861056
77,GE2016.ICMP_ICEP_160615_CAST_005,TRUE,2016-06-15T15:17:31Z,67.481,-63.789,44.98092,NA,443,0.0177474877629351,NA,8.6641605145031e-5,0.0791098843311679,7.792862203515311,0.017628244169287936
78,GE2016.ICMP_ICEP_160615_CAST_005,TRUE,2016-06-15T15:17:31Z,67.481,-63.789,44.98092,NA,443,0.016279236893847,NA,8.07155313641694e-5,0.0791098843311679,7.792862203515311,0.01628741158062505
79,GE2016.ICMP_ICEP_160615_CAST_005,TRUE,2016-06-15T15:17:31Z,67.481,-63.789,44.98092,NA,443,0.0150124498958974,NA,7.2846692474688e-5,0.0791098843311679,7.792862203515311,0.015048564874024806
80,GE2016.ICMP_ICEP_160615_CAST_005,TRUE,2016-06-15T15:17:31Z,67.481,-63.789,44.98092,NA,443,0.0139039468393567,NA,6.80337749972506e-5,0.0791098843311679,7.792862203515311,0.0139039468393567
81,GE2016.ICMP_ICEP_160615_CAST_005,TRUE,2016-06-15T15:17:31Z,67.481,-63.789,44.98092,NA,443,0.0125986860057822,NA,6.28399019698098e-5,0.0791098843311679,7.792862203515311,0.012846390292362333
82,GE2016.ICMP_ICEP_160615_CAST_005,TRUE,2016-06-15T15:17:31Z,67.481,-63.789,44.98092,NA,443,0.0117864372401303,NA,6.04086570448141e-5,0.0791098843311679,7.792862203515311,0.011869273196339167
83,GE2016.ICMP_ICEP_160615_CAST_005,TRUE,2016-06-15T15:17:31Z,67.481,-63.789,44.98092,NA,443,0.0109030309803351,NA,5.61129998596109e-5,0.0791098843311679,7.792862203515311,0.010966477197341094
84,GE2016.ICMP_ICEP_160615_CAST_005,TRUE,2016-06-15T15:17:31Z,67.481,-63.789,44.98092,NA,443,0.0100297736140451,NA,4.96923063271871e-5,0.0791098843311679,7.792862203515311,0.010132349313258281
85,GE2016.ICMP_ICEP_160615_CAST_005,TRUE,2016-06-15T15:17:31Z,67.481,-63.789,44.98092,NA,443,0.00981323489941825,NA,4.80090496161081e-5,0.0791098843311679,7.792862203515311,0.009361666536887282
86,GE2016.ICMP_ICEP_160615_CAST_005,TRUE,2016-06-15T15:17:31Z,67.481,-63.789,44.98092,NA,443,0.00897460633201339,NA,4.68948607176914e-5,0.0791098843311679,7.792862203515311,0.008649603131348453
87,GE2016.ICMP_ICEP_160615_CAST_005,TRUE,2016-06-15T15:17:31Z,67.481,-63.789,44.98092,NA,443,0.00762318000590943,NA,4.26965618059441e-5,0.0791098843311679,7.792862203515311,0.0079917004130665
88,GE2016.ICMP_ICEP_160615_CAST_005,TRUE,2016-06-15T15:17:31Z,67.481,-63.789,44.98092,NA,443,0.00692415762397475,NA,3.67149300451735e-5,0.0791098843311679,7.792862203515311,0.00738383883310615
89,GE2016.ICMP_ICEP_160615_CAST_005,TRUE,2016-06-15T15:17:31Z,67.481,-63.789,44.98092,NA,443,0.0068018733039336,NA,3.4169625629781e-5,0.0791098843311679,7.792862203515311,0.0068222121820462585
90,GE2016.ICMP_ICEP_160615_CAST_005,TRUE,2016-06-15T15:17:31Z,67.481,-63.789,44.98092,NA,443,0.00649040940172829,NA,3.20213569644785e-5,0.0791098843311679,7.792862203515311,0.006303303756872684
91,GE2016.ICMP_ICEP_160615_CAST_005,TRUE,2016-06-15T15:17:31Z,67.481,-63.789,44.98092,NA,443,0.00597372079595963,NA,2.8853938509878e-5,0.0791098843311679,7.792862203515311,0.005823864340655575
92,GE2016.ICMP_ICEP_160615_CAST_005,TRUE,2016-06-15T15:17:31Z,67.481,-63.789,44.98092,NA,443,0.0055010385861891,NA,2.70469896164774e-5,0.0791098843311679,7.792862203515311,0.005380891857127847
93,GE2016.ICMP_ICEP_160615_CAST_005,TRUE,2016-06-15T15:17:31Z,67.481,-63.789,44.98092,NA,443,0.00508586268493021,NA,2.87390551190592e-5,0.0791098843311679,7.792862203515311,0.004971612572769084
94,GE2016.ICMP_ICEP_160615_CAST_005,TRUE,2016-06-15T15:17:31Z,67.481,-63.789,44.98092,NA,443,0.00461396744641595,NA,2.6957261209675302e-05,0.0791098843311679,7.792862203515311,0.004593463728689159
95,GE2016.ICMP_ICEP_160615_CAST_005,TRUE,2016-06-15T15:17:31Z,67.481,-63.789,44.98092,NA,443,0.00428025429128116,NA,2.34334764034895e-5,0.0791098843311679,7.792862203515311,0.004244077493558736
96,GE2016.ICMP_ICEP_160615_CAST_005,TRUE,2016-06-15T15:17:31Z,67.481,-63.789,44.98092,NA,443,0.00395793392651427,NA,2.15373083905927e-5,0.0791098843311679,7.792862203515311,0.003921266137105638
97,GE2016.ICMP_ICEP_160615_CAST_005,TRUE,2016-06-15T15:17:31Z,67.481,-63.789,44.98092,NA,443,0.00362670447412575,NA,2.06415616088305e-5,0.0791098843311679,7.792862203515311,0.0036230083313389407
98,GE2016.ICMP_ICEP_160615_CAST_005,TRUE,2016-06-15T15:17:31Z,67.481,-63.789,44.98092,NA,443,0.00339628351739165,NA,2.05453796786786e-5,0.0791098843311679,7.792862203515311,0.003347436493723952
99,GE2016.ICMP_ICEP_160615_CAST_005,TRUE,2016-06-15T15:17:31Z,67.481,-63.789,44.98092,NA,443,0.00321639702002089,NA,2.01096266930622e-5,0.0791098843311679,7.792862203515311,0.003092825093055691
100,GE2016.ICMP_ICEP_160615_CAST_005,TRUE,2016-06-15T15:17:31Z,67.481,-63.789,44.98092,NA,443,0.00307031711629874,NA,1.81414680393864e-5,0.0791098843311679,7.792862203515311,0.0028575798448063953
